t,B_L,B_M,B_N,Vn_i,Vn_e,Vn_he
2000-01-01 12:00:01.548,-1.1162000135088055,-4.582710541654243,0.8508040899308105,56.450253432624415,,
2000-01-01 12:00:01.548,-1.129662704254373,-4.608889911635443,0.8418435017631513,40.206413476582625,,
2000-01-01 12:00:01.548,-1.1430951950661263,-4.616179615997534,0.8533719069640484,50.44270122777395,,
2000-01-01 12:00:01.548,-1.1509657032890523,-4.635579560013511,0.83311060196726,72.05703963936932,,
2000-01-01 12:00:01.548,-1.1628723626582516,-4.633873644088323,0.8288470966783528,77.4375179111118,,
2000-01-01 12:00:01.548,-1.1797954796125014,-4.630778314335062,0.8359064362760092,70.73608612217686,,
2000-01-01 12:00:01.548,-1.2027360558789029,-4.655361177006964,0.8244560049523054,68.87751299764464,,
2000-01-01 12:00:01.548,-1.226320944498044,-4.673822177401301,0.7921378162382191,44.480574553681066,,
2000-01-01 12:00:01.548,-1.2367823525369974,-4.661205325571624,0.7923396597940717,46.89569978758869,,
2000-01-01 12:00:01.548,-1.2345393576325245,-4.699768919798283,0.8135392810310821,60.93600471679233,,
2000-01-01 12:00:01.548,-1.2458434117159154,-4.71877980931297,0.819090202027497,76.68887076256742,,
2000-01-01 12:00:01.548,-1.2531049464304802,-4.691679878838922,0.8140589502651746,70.9530900989594,,
2000-01-01 12:00:01.548,-1.2869341605712443,-4.701882686406582,0.7983633058959154,62.26949100005733,,
2000-01-01 12:00:01.548,-1.2922232862182934,-4.717407300318305,0.8142237248071869,57.54227080505245,,
2000-01-01 12:00:01.548,-1.3034029381957526,-4.742205642957028,0.8250576250631227,42.2329514251046,,
2000-01-01 12:00:01.548,-1.285580942945835,-4.743484350899655,0.8131603379212355,42.436837854314675,,
2000-01-01 12:00:01.548,-1.3095525421164507,-4.736514537096777,0.8106678437672584,39.017199294792874,,
2000-01-01 12:00:01.548,-1.345367099032044,-4.73562392960688,0.7914199389566374,56.20331119576579,,
2000-01-01 12:00:01.548,-1.3480851532673908,-4.767687177068832,0.7759262452881402,79.03499734491108,,
2000-01-01 12:00:01.548,-1.3512968590337275,-4.786313802862569,0.7738772006063653,59.99030319010912,,
2000-01-01 12:00:01.548,-1.3761663843220124,-4.810016084426245,0.7872774647455786,38.124641555455746,,
2000-01-01 12:00:01.548,-1.3819594083612434,-4.831532448848353,0.7903411033121703,2.7877175553045386,,
2000-01-01 12:00:01.548,-1.379624075830802,-4.806287209250934,0.7823767321036464,-8.186732555953748,,
2000-01-01 12:00:01.548,-1.4113878373818092,-4.801132151417718,0.7662747794984949,1.236685070100021,,
2000-01-01 12:00:01.548,-1.425428999789616,-4.825189201418433,0.7602013223824668,-0.79807263981192,,
2000-01-01 12:00:01.548,-1.4201833065390235,-4.855854631975888,0.7820208197303656,-9.964584852670344,,
2000-01-01 12:00:01.548,-1.4177505374045483,-4.849150924722449,0.7534678437191519,-16.864652332089776,,
2000-01-01 12:00:01.548,-1.4350205627832893,-4.8237575567901745,0.7275420350234089,-14.93966940478649,,
2000-01-01 12:00:01.548,-1.4610369172695417,-4.8300074638494985,0.7134245788609795,5.1985602489963965,,
2000-01-01 12:00:01.548,-1.4511746264732615,-4.8522342291829625,0.732331489364577,19.897984556892244,,
2000-01-01 12:00:01.548,-1.4364843236314793,-4.866631163746966,0.737115352981354,6.6942473068168304,,
2000-01-01 12:00:01.548,-1.4347818300771735,-4.877458451813324,0.7184758399717608,-4.868688557432071,,
2000-01-01 12:00:01.548,-1.4512545570370379,-4.872891424222557,0.6964157216724223,-0.2999558634151895,,
2000-01-01 12:00:01.548,-1.4570115022136332,-4.879989617644337,0.7091650391008236,9.604961331583016,,
2000-01-01 12:00:01.548,-1.489786689471194,-4.890516196127221,0.7279659213098051,-10.529559070160959,,
2000-01-01 12:00:01.548,-1.4813017208894523,-4.911929001324015,0.7252663324647786,-18.319376310575972,,
2000-01-01 12:00:01.548,-1.4940366127131048,-4.946641953785541,0.7119594552373657,-17.06387614024476,,
2000-01-01 12:00:01.548,-1.505135973727667,-4.931617264302321,0.6872967875437694,-17.3704003718509,,
2000-01-01 12:00:01.548,-1.5094907689398174,-4.925985555330146,0.6911037521871816,-26.827586536191674,,
2000-01-01 12:00:01.548,-1.493740814868339,-4.927826939796729,0.6939131412425291,-33.6635893915297,,
2000-01-01 12:00:01.548,-1.4939006049108814,-4.944537089845366,0.6976843855041059,-26.982769838538573,,
2000-01-01 12:00:01.548,-1.4964449886717164,-4.947953941717122,0.6970569068878055,-12.86976487807565,,
2000-01-01 12:00:01.548,-1.4833827434170568,-4.967407495761687,0.6941784176743674,-18.970068880753963,,
2000-01-01 12:00:01.548,-1.4864961656120745,-4.955637846609405,0.693752518295833,-34.7618110760899,,
2000-01-01 12:00:01.548,-1.490394640157803,-4.981733238153629,0.7013775786450411,-40.72189367159435,,
2000-01-01 12:00:01.548,-1.4981781444740423,-4.978161988325142,0.7076267480273563,-39.852369162292376,,
2000-01-01 12:00:01.548,-1.5298017208708596,-4.968551968268906,0.698816791858014,-38.16252961438591,,
2000-01-01 12:00:01.548,-1.5584367537482942,-4.980333017509335,0.6974870370319001,-47.568007420981175,,
2000-01-01 12:00:01.548,-1.5330642407635535,-5.002209799413846,0.7142389566611281,-50.807266366256506,,
2000-01-01 12:00:01.548,-1.510146409111766,-4.998675361284683,0.716646675400636,-48.31115272157391,,
2000-01-01 12:00:01.548,-1.5264969122968266,-5.005027592050391,0.682388563088115,-50.04783183523857,,
2000-01-01 12:00:01.548,-1.533261322617748,-4.979723791661341,0.6797483844444051,-57.00859709087382,,
2000-01-01 12:00:01.548,-1.5394611786542678,-4.982386503524791,0.6823223035869738,-53.18560501343479,,
2000-01-01 12:00:01.548,-1.5411145738756187,-5.015684710078326,0.6599931425058052,-52.34043827796036,,
2000-01-01 12:00:01.548,-1.5295014446541044,-5.020394042340432,0.6430125151334375,-55.555860872202906,,
2000-01-01 12:00:01.548,-1.5378976581216206,-5.012027700577436,0.6467514796603488,-53.66646068469062,,
2000-01-01 12:00:01.548,-1.525355816558172,-5.010829221928366,0.6636943257132242,-38.30053953589997,,
2000-01-01 12:00:01.548,-1.5211874870350297,-5.018866373095587,0.6417406458271897,-24.35796824631316,,
2000-01-01 12:00:01.548,-1.5430916290960397,-5.005273728673913,0.6512438888371835,-27.095946672288754,,
2000-01-01 12:00:01.548,-1.540700180811976,-5.029743325603754,0.6768482764704419,-50.784594070921834,,
2000-01-01 12:00:01.548,-1.5267494262881536,-5.053184851050233,0.6774606903610856,-44.53132509450366,,
2000-01-01 12:00:01.548,-1.5182216628999892,-5.059880648633204,0.6548152543580651,-25.4995197317676,,
2000-01-01 12:00:01.548,-1.501258349720108,-5.057076300706422,0.6721720789334958,-30.09086021662182,,
2000-01-01 12:00:01.548,-1.499175114793857,-5.050316231261486,0.6853926737434256,-41.73592044095538,,
2000-01-01 12:00:01.548,-1.5123723600954593,-5.040944547784355,0.6589595083531213,19.836260106195837,,
2000-01-01 12:00:01.548,-1.5225516882754637,-5.054873773490145,0.6532217357906022,3.2948945282952886,,
2000-01-01 12:00:01.548,-1.495433154102994,-5.079652144248255,0.6622828854091911,-7.567419023044317,,
2000-01-01 12:00:01.548,-1.4692758798800323,-5.059087312063796,0.6507142915098351,-8.661460641801757,,
2000-01-01 12:00:01.548,-1.4983991886212569,-5.037175122846443,0.6331002133624285,-2.9474754282541324,,
2000-01-01 12:00:01.548,-1.5078162535795028,-5.054272208287742,0.6420894367335186,-11.641387125096022,,
2000-01-01 12:00:01.548,-1.5060931353860838,-5.065793668411557,0.6486599800859226,-16.712619754392986,,
2000-01-01 12:00:01.548,-1.4927159730229593,-5.08744505074345,0.6489308416031591,-10.775879959971432,,
2000-01-01 12:00:01.548,-1.4940437179716453,-5.080264167014778,0.6231314196423452,-3.443822244266,,
2000-01-01 12:00:01.548,-1.499246246814406,-5.072522458034697,0.6042276392864907,-11.148213199405001,,
2000-01-01 12:00:01.548,-1.481193342793977,-5.07362592492513,0.6207819175329986,-16.1717127097002,,
2000-01-01 12:00:01.548,-1.4650448872698842,-5.08640528599988,0.6370334466938532,-10.20935296720646,,
2000-01-01 12:00:01.548,-1.457536452859601,-5.088892586475123,0.649192906439059,-0.2609115002921835,,
2000-01-01 12:00:01.548,-1.4609197100253708,-5.119698466749171,0.630259682471665,-3.4478729079650963,,
2000-01-01 12:00:01.548,-1.4484509112665218,-5.148887749719913,0.6125188737496385,-15.613206471224773,,
2000-01-01 12:00:01.548,-1.4379041966826407,-5.167534605700855,0.616920161386166,-11.886071200428143,,
2000-01-01 12:00:01.548,-1.442046235457238,-5.1739099717593025,0.5956703345029589,-0.9845458196179399,,
2000-01-01 12:00:01.548,-1.4382295673795824,-5.1587207980234675,0.581766275760577,2.599720498582819,,
2000-01-01 12:00:01.548,-1.433117378288689,-5.159750697012652,0.5715834207075973,-12.986445357897157,,
2000-01-01 12:00:01.548,-1.4419161765975272,-5.178305114923915,0.5832309296342809,-23.783976283926396,,
2000-01-01 12:00:01.548,-1.4304931858002892,-5.206217046659905,0.5722025841823785,-19.346333771277365,,
2000-01-01 12:00:01.548,-1.396240886216431,-5.205129108044488,0.5538579144398202,-18.493217389520595,,
2000-01-01 12:00:01.548,-1.3888084856945797,-5.191435961445102,0.5633785440671262,-29.92011367678737,,
2000-01-01 12:00:01.548,-1.3701610888966766,-5.199983896490447,0.5569493391291095,-41.10649199521168,,
2000-01-01 12:00:01.548,-1.3772962021684156,-5.232563241231784,0.5516034781623963,-38.65687938161493,,
2000-01-01 12:00:01.548,-1.3852141132089253,-5.233949975563514,0.5125635951391613,-33.89648981978646,,
2000-01-01 12:00:01.548,-1.3829013154148113,-5.256663436007036,0.4920998599026392,-38.095251872804226,,
2000-01-01 12:00:01.548,-1.3851545483672756,-5.271734956487559,0.5006792188890066,-47.57980024444344,,
2000-01-01 12:00:01.548,-1.3757238774008258,-5.267501655455667,0.5297595722646596,-48.32948949235049,,
2000-01-01 12:00:01.548,-1.3613079089326539,-5.252180882736463,0.5064153200900335,-41.776591455849434,,
2000-01-01 12:00:01.548,-1.3705439836464197,-5.275168901856407,0.5185886941670245,-33.50318634845805,,
2000-01-01 12:00:01.548,-1.3776674924629435,-5.287791478008824,0.512660163362234,-37.10700548756246,,
2000-01-01 12:00:01.548,-1.3584034991120777,-5.300107340810783,0.4858673336627485,-39.472279370606884,,
2000-01-01 12:00:01.548,-1.3618465192703701,-5.302935837805789,0.4815875673317958,-34.12513465737066,,
2000-01-01 12:00:01.548,-1.3610565355325122,-5.30810199619012,0.47644356763187357,-24.633906987539575,,
2000-01-01 12:00:01.548,-1.3665217965055974,-5.302794537081992,0.4731725411872065,-21.883654045428298,,
2000-01-01 12:00:01.548,-1.3726101825347483,-5.316885360468667,0.458831487634258,-19.7828098386377,,
2000-01-01 12:00:01.548,-1.3683536500509446,-5.323695551975347,0.44652967401042304,-11.824182760536253,,
2000-01-01 12:00:01.548,-1.3750321874576028,-5.294637152069396,0.4459941162944555,-2.4987111247873277,,
2000-01-01 12:00:01.548,-1.3696794699379014,-5.275182348121963,0.43445895881887314,-2.529361778648249,,
2000-01-01 12:00:01.548,-1.3378148774474012,-5.283983064154921,0.4461211408116277,-13.364165102101966,,
2000-01-01 12:00:01.548,-1.3040468295876,-5.3200205822393425,0.4687496928273138,-13.163136991043043,,
2000-01-01 12:00:01.548,-1.3234414975413,-5.326723076308933,0.4433468905855082,-8.023128541606209,,
2000-01-01 12:00:01.548,-1.3322299661673394,-5.309123221274978,0.4167841243151309,-2.3255585896695705,,
2000-01-01 12:00:01.548,-1.3343386600338374,-5.302710890748453,0.4033946834556682,-8.904542535525948,,
2000-01-01 12:00:01.548,-1.3416955774511814,-5.33232347182499,0.4002578778110104,-19.54461152714813,,
2000-01-01 12:00:01.548,-1.3347503171069284,-5.331038142755048,0.3985463559428189,-26.135393674367116,,
2000-01-01 12:00:01.548,-1.3409603244807884,-5.323588166932752,0.4028965664946645,-29.92042944458986,,
2000-01-01 12:00:01.548,-1.3397608699105474,-5.307310099685192,0.3682616273214391,-42.69384067748015,,
2000-01-01 12:00:01.548,-1.352504413475307,-5.3214647732441405,0.36079984285360567,-59.71199655390876,,
2000-01-01 12:00:01.548,-1.348944362018201,-5.348689570828363,0.36246122819877363,-60.06410438778699,,
2000-01-01 12:00:01.548,-1.3261763372430204,-5.335687034101175,0.36380277964325886,-51.67526142373574,,
2000-01-01 12:00:01.548,-1.3102143099450145,-5.304915040703503,0.3543977130867058,-42.62644338726977,,
2000-01-01 12:00:01.548,-1.3228467413822649,-5.3285206386022805,0.3494900365371089,-46.94638610478991,,
2000-01-01 12:00:01.548,-1.3275545963193314,-5.353221723198377,0.3595668249088169,-43.372673578659715,,
2000-01-01 12:00:01.548,-1.326002831388465,-5.356282343615172,0.35558109802705684,-27.3486041245575,,
2000-01-01 12:00:01.548,-1.318933401757025,-5.3814873275041375,0.31879877097682063,-14.050864369490986,,
2000-01-01 12:00:01.548,-1.327270942954683,-5.40667352150966,0.3525151080863234,-11.201570565178091,,
2000-01-01 12:00:01.548,-1.3008877528777,-5.412997662528326,0.36595930158408413,-16.994311393253824,,
2000-01-01 12:00:01.548,-1.28774765372778,-5.4286501678253725,0.3324849558745726,-27.169899770766985,,
2000-01-01 12:00:01.548,-1.300595571516569,-5.439662220359967,0.29236159076921364,-30.996103804433545,,
2000-01-01 12:00:01.548,-1.3046954274324678,-5.448260567904048,0.28087636582582615,-37.13506108141481,,
2000-01-01 12:00:01.548,-1.2972628498936774,-5.44760519545491,0.29357956653700945,-49.68046932342296,,
2000-01-01 12:00:01.548,-1.2997541199007805,-5.448021395787005,0.2885643633427855,-49.909134801914036,,
2000-01-01 12:00:01.548,-1.321849979874712,-5.449106388241411,0.2901337931696045,-49.56533767002651,,
2000-01-01 12:00:01.548,-1.2992548770182824,-5.436235501872358,0.2947493704674337,-49.01647465148933,,
2000-01-01 12:00:01.548,-1.3073654760859648,-5.443653973569363,0.30023567473507073,-59.15993802502316,,
2000-01-01 12:00:01.548,-1.292718088843755,-5.436577120951688,0.28813941537222587,-54.293488532144856,,
2000-01-01 12:00:01.548,-1.284544916667881,-5.456406466255658,0.276345626875732,-47.118834276584074,,
2000-01-01 12:00:01.548,-1.2869824200713318,-5.509411623446935,0.27724725113843735,-42.44846459771813,,
2000-01-01 12:00:01.548,-1.287731875759892,-5.503029470824851,0.2949215692462408,-50.596013435587956,,
2000-01-01 12:00:01.548,-1.3229175605130423,-5.495769230096434,0.2555776123509996,-60.93440604912652,,
2000-01-01 12:00:01.548,-1.303917353533587,-5.5143301936845734,0.23965673700487444,-55.41972942690703,,
2000-01-01 12:00:01.548,-1.3027765214321103,-5.5270300078163155,0.25022877223810724,-52.94184340632074,,
2000-01-01 12:00:01.548,-1.2895458982308194,-5.5177712075460175,0.23025501657655323,-47.521939019235845,,
2000-01-01 12:00:01.548,-1.2882479476743844,-5.514913510221332,0.22548488402974368,-48.13527312065423,,
2000-01-01 12:00:01.548,-1.3068199776881348,-5.543381639864173,0.2276384588691415,-41.39267024253638,,
2000-01-01 12:00:01.548,-1.3288321684396265,-5.5574065348274315,0.23102800587513767,-44.5065392292544,,
2000-01-01 12:00:01.548,-1.315623123787074,-5.557439448554673,0.21876602116363433,-34.709412028283715,,
2000-01-01 12:00:01.548,-1.3443093673300106,-5.578596580174717,0.19175462672043062,-40.984610332131766,,
2000-01-01 12:00:01.548,-1.347584877732508,-5.576914320708236,0.19510473764769623,-47.64115071063492,,
2000-01-01 12:00:01.548,-1.3514091021629273,-5.587812315489355,0.18679811928530224,-41.0690023732888,,
2000-01-01 12:00:01.548,-1.3536493009654953,-5.589528993233471,0.19581982492703254,-29.488207913832742,,
2000-01-01 12:00:01.548,-1.3557740700745382,-5.578913387578461,0.1916272402878673,-22.6538837826618,,
2000-01-01 12:00:01.548,-1.3607178093737833,-5.600253095461855,0.17471155961523735,-22.74536143737712,,
2000-01-01 12:00:01.548,-1.3702467590094254,-5.6227988838143075,0.16592016196510834,-9.40866150163013,,
2000-01-01 12:00:01.548,-1.3560797634444268,-5.609880989492432,0.1581792408616712,-7.172140040712212,,
2000-01-01 12:00:01.548,-1.345528586215817,-5.580627997569353,0.1416564840634038,-3.6404249840836838,,
2000-01-01 12:00:01.548,-1.3628307683729042,-5.60641360082189,0.17136506411625066,-18.105494105918524,,
2000-01-01 12:00:01.548,-1.3699476778628805,-5.637008326026664,0.15206017798298627,-13.182631597978734,,
2000-01-01 12:00:01.548,-1.3754746285874424,-5.611710641659817,0.11649353207712441,-5.226175235853696,,
2000-01-01 12:00:01.548,-1.3714185297537438,-5.624942576207886,0.11195895327182272,-10.221102404320936,,
2000-01-01 12:00:01.548,-1.3612036220156676,-5.643735980392106,0.12426005428266777,-19.260520554126153,,
2000-01-01 12:00:01.548,-1.3627508419924046,-5.642773978058989,0.10815306730158059,-28.124404473955355,,
2000-01-01 12:00:01.548,-1.3750580563656718,-5.668485700134514,0.07320587292839058,-29.674763804906842,,
2000-01-01 12:00:01.548,-1.3797350766257401,-5.643431841081089,0.0804865896152259,-28.498793635962215,,
2000-01-01 12:00:01.548,-1.3910557134762511,-5.627020253494366,0.07498348046329024,-25.42715798101027,,
2000-01-01 12:00:01.548,-1.394962639874095,-5.654636326919746,0.06837190186163042,-25.36510301282765,,
2000-01-01 12:00:01.548,-1.3729215856471415,-5.652416391279292,0.08129630243903725,-16.976925574218615,,
2000-01-01 12:00:01.548,-1.363838251036046,-5.629281306280982,0.07551027285897383,-17.48920503749266,,
2000-01-01 12:00:01.548,-1.3689485100947596,-5.627491888144741,0.060970388696904944,-19.731591079642318,,
2000-01-01 12:00:01.548,-1.3815589527076526,-5.64735732911955,0.05988904672163521,-27.22771602555866,,
2000-01-01 12:00:01.548,-1.3759861816016674,-5.668330865981362,0.03781837018026477,-31.70002475342575,,
2000-01-01 12:00:01.548,-1.390888861401283,-5.649624355208725,0.04949833604647214,-30.74720132926956,,
2000-01-01 12:00:01.548,-1.3884001515924222,-5.6442010595037395,0.03911664468543062,-31.51722921943077,,
2000-01-01 12:00:01.548,-1.3784304741088047,-5.643844466168449,0.015170415864533654,-38.81082058096222,,
2000-01-01 12:00:01.548,-1.3968374738924882,-5.653663782777669,-0.0007329141508581128,-45.66729397984358,,
2000-01-01 12:00:01.548,-1.4288137316872846,-5.66805488377562,0.027459179105929425,-44.02044685530926,,
2000-01-01 12:00:01.548,-1.4435079952620726,-5.648149683640048,0.011598375865341128,-39.25462020172457,,
2000-01-01 12:00:01.548,-1.4563438450763662,-5.659671094483238,-0.00039567889828503306,-32.68388595792803,,
2000-01-01 12:00:01.548,-1.4459907507545342,-5.661865358936567,0.007684974436899464,-38.140888870188604,,
2000-01-01 12:00:01.548,-1.4322266287455112,-5.647918516639242,-0.012979605877271011,-37.945329574592265,,
2000-01-01 12:00:01.548,-1.4323417987664475,-5.631487324705737,-0.011441005379098555,-32.81068884077345,,
2000-01-01 12:00:01.548,-1.4435026320122115,-5.649181708295027,-0.029198275105095324,-26.66582798570981,,
2000-01-01 12:00:01.548,-1.4630141654865343,-5.654016900076505,-0.032627906010487664,-33.88282926613905,,
2000-01-01 12:00:01.548,-1.488152853254527,-5.639784859516942,-0.03126472723107081,-35.659911541737586,,
2000-01-01 12:00:01.548,-1.4753423389688907,-5.633615244334785,-0.03764268365282504,-28.155437285717756,,
2000-01-01 12:00:01.548,-1.502147328165962,-5.646167621939051,-0.06125626132513738,-14.909522754558473,,
2000-01-01 12:00:01.548,-1.5070992416106088,-5.660767411827057,-0.07724210996277513,-3.481558022629314,,
2000-01-01 12:00:01.548,-1.5217971545530433,-5.678599713599867,-0.06958892049752002,-18.404567377282667,,
2000-01-01 12:00:01.548,-1.5527416852994174,-5.656611313597589,-0.07210181270278858,-24.493926906327125,,
2000-01-01 12:00:01.548,-1.5524630480108264,-5.647827060990836,-0.05683388417094027,-24.414623467922187,,
2000-01-01 12:00:01.548,-1.5527883552054864,-5.6544025543026795,-0.08065335711767545,-27.848133987490733,,
2000-01-01 12:00:01.548,-1.5556824112539058,-5.670894961222685,-0.10299209893023743,-36.30296973526277,,
2000-01-01 12:00:01.548,-1.5678363147274157,-5.668531386692462,-0.09323553524167696,-34.20473813060826,,
2000-01-01 12:00:01.548,-1.560359565714785,-5.666372676907601,-0.10008392341094192,-22.812479058925145,,
2000-01-01 12:00:01.548,-1.5058732755747672,-5.668618855702956,-0.11543387103075667,-11.952426397067327,,
2000-01-01 12:00:01.548,-1.5220793940944322,-5.66184942095208,-0.1228144480258744,-16.054299722472845,,
2000-01-01 12:00:01.548,-1.5596557402711844,-5.683026642235739,-0.11619171630577842,-23.505831042684264,,
2000-01-01 12:00:01.548,-1.5932676877743168,-5.693347542319045,-0.13927823289035018,-17.49264640190344,,
2000-01-01 12:00:01.548,-1.6130125841835545,-5.702070629142768,-0.14202154941837383,-9.688261435419369,,
2000-01-01 12:00:01.548,-1.6256106838560702,-5.690912136178958,-0.16735093116329436,-13.850680086702118,,
2000-01-01 12:00:01.548,-1.593432210854354,-5.6885368498677975,-0.1859267470134883,-28.407661547741956,,
2000-01-01 12:00:01.548,-1.5871801807662207,-5.7249088498442715,-0.17865880318882132,-29.350332361860325,,
2000-01-01 12:00:01.548,-1.6082567939695351,-5.730081274305636,-0.1775308921047284,-25.13964623488524,,
2000-01-01 12:00:01.548,-1.6041445418551143,-5.736298329790121,-0.1798241742958616,-21.798277698489965,,
2000-01-01 12:00:01.548,-1.6079756648605128,-5.737136243720042,-0.18723607081974342,-31.68425543812619,,
2000-01-01 12:00:01.548,-1.619637862601506,-5.732671867027152,-0.20364944155399947,-39.741292364623654,,
2000-01-01 12:00:01.548,-1.6177535498332856,-5.726496103339613,-0.2245136326203626,-40.55402512403332,,
2000-01-01 12:00:01.548,-1.6098726246351922,-5.711935763970301,-0.21740324243157688,-40.5108335043368,,
2000-01-01 12:00:01.548,-1.624000929260218,-5.752561577056622,-0.21932436380486936,-44.87882867436927,,
2000-01-01 12:00:01.548,-1.6546017754600315,-5.751134075638674,-0.23694516943908214,-44.72800379239215,,
2000-01-01 12:00:01.548,-1.6663389771547377,-5.7244879705459875,-0.2634955675810987,-38.74001816541166,,
2000-01-01 12:00:01.548,-1.6881016801207211,-5.748683161980678,-0.2680595650132263,-37.10285519109992,,
2000-01-01 12:00:01.548,-1.702392465097115,-5.773979684039117,-0.2795689313577703,-31.635727224833605,,
2000-01-01 12:00:01.548,-1.700933598220145,-5.777971742476601,-0.2905025099281896,-50.1998451202471,,
2000-01-01 12:00:01.548,-1.7030335777104577,-5.767496505028194,-0.2967954866434531,-48.63118104144593,,
2000-01-01 12:00:01.548,-1.6966758406437388,-5.773448686166432,-0.28802635859534265,-33.75117237933849,,
2000-01-01 12:00:01.548,-1.6933105860983833,-5.7914268762777175,-0.28814470220982386,-34.94744531788159,,
2000-01-01 12:00:01.548,-1.7077950859293467,-5.809948300722584,-0.29320409693783706,-35.34859231723957,,
2000-01-01 12:00:01.548,-1.7116771656493386,-5.8313322762401745,-0.33976670541170484,-43.75057605593948,,
2000-01-01 12:00:01.548,-1.7223804467519717,-5.817492644720962,-0.354224705067134,-39.077717735644804,,
2000-01-01 12:00:01.548,-1.7467787537168902,-5.846070064577188,-0.3672302849264942,-34.627513450979826,,
2000-01-01 12:00:01.548,-1.7568108306445798,-5.879368455952033,-0.3697266820876896,-40.652768856122115,,
2000-01-01 12:00:01.548,-1.782809580831378,-5.89009099272636,-0.3613346734126555,-47.548658800082585,,
2000-01-01 12:00:01.548,-1.8271818861131792,-5.89800270907948,-0.3783261618912644,-50.72285515182616,,
2000-01-01 12:00:01.548,-1.8439755472515844,-5.900719304990168,-0.3990570579360822,-39.36669649958312,,
2000-01-01 12:00:01.548,-1.8641252006911482,-5.91473354685659,-0.4110301425728423,-40.39384438102321,,
2000-01-01 12:00:01.548,-1.87452120270695,-5.934115260405122,-0.4325133949326834,-31.128292307585273,,
2000-01-01 12:00:01.548,-1.903640622421122,-5.946893212165314,-0.4649708755289747,-23.30775687976559,,
2000-01-01 12:00:01.548,-1.9359688644250412,-5.978687398600914,-0.46859909619266743,-19.478187168934294,,
2000-01-01 12:00:01.548,-1.9484962212951242,-5.981550198220869,-0.4680772219469308,-19.984442657082646,,
2000-01-01 12:00:01.548,-1.9360269781602595,-5.984525825890734,-0.49111476701831497,-31.988580517756716,,
2000-01-01 12:00:01.548,-1.9496793626124502,-5.991205859098414,-0.49975102480822126,-29.92754919913255,,
2000-01-01 12:00:01.548,-1.9990859715944125,-6.033699530147499,-0.4959512400317758,-18.06903735265731,,
2000-01-01 12:00:01.548,-2.0292584728540035,-6.070901980426834,-0.5105734819071696,-25.502944651071893,,
2000-01-01 12:00:01.548,-2.048934804646287,-6.072807719602765,-0.5486624358519168,-40.19996463118165,,
2000-01-01 12:00:01.548,-2.0720141940866528,-6.083571186048827,-0.5508683214318144,-55.82156167195854,,
2000-01-01 12:00:01.548,-2.074799188262878,-6.070158398696655,-0.5776412395541527,-47.21449597090104,,
2000-01-01 12:00:01.548,-2.094852275095655,-6.042088376745887,-0.6059223191214138,-34.74129307697358,,
2000-01-01 12:00:01.548,-2.1029325099140403,-6.098163351337297,-0.5855970127751479,-67.71649209696427,,
2000-01-01 12:00:01.548,-2.1342584641390445,-6.148398471579547,-0.6001462361460413,-68.71449200330083,,
2000-01-01 12:00:01.548,-2.1543038184105225,-6.144369305560591,-0.6005436008028844,-53.76624823249115,,
2000-01-01 12:00:01.548,-2.1571246585028017,-6.170369087225784,-0.6196702814140436,-38.03306383759119,,
2000-01-01 12:00:01.548,-2.172862474192213,-6.178741998130188,-0.6236016255163876,-30.90785908008439,,
2000-01-01 12:00:01.548,-2.196313920856978,-6.1780858685834765,-0.6358229559489369,-35.31848732286087,,
2000-01-01 12:00:01.548,-2.2238854288500907,-6.175859688614743,-0.6584133254280716,-36.03300098849629,,
2000-01-01 12:00:01.548,-2.24173276964224,-6.193840021777888,-0.6701797003985913,-42.02423508726126,,
2000-01-01 12:00:01.548,-2.2605603596925077,-6.195704642867464,-0.6961373711361646,-36.29534293549769,,
2000-01-01 12:00:01.548,-2.2860147730470115,-6.228848654772052,-0.6925662114686421,-48.02973616621088,,
2000-01-01 12:00:01.548,-2.2900278228891096,-6.250624103067273,-0.7044911145405106,-53.45594767986745,,
2000-01-01 12:00:01.548,-2.309480045356236,-6.234639023892108,-0.7006933481150115,-55.510377265375794,,
2000-01-01 12:00:01.548,-2.3099467430167318,-6.232306710033083,-0.7325839228959661,-33.84703938027526,,
2000-01-01 12:00:01.548,-2.3189280913572787,-6.264140778012097,-0.7484235005535536,-44.4839307235069,,
2000-01-01 12:00:01.548,-2.331081701186099,-6.276472965310608,-0.7523493973535071,-43.027452232890475,,
2000-01-01 12:00:01.548,-2.347774753100691,-6.286679331374286,-0.749051516069346,-46.99099212158725,,
2000-01-01 12:00:01.548,-2.3461032006283595,-6.339923588358477,-0.7571548371681605,-50.1011259273965,,
2000-01-01 12:00:01.548,-2.344948333036172,-6.328555131245247,-0.7736714218409739,-17.053514547560585,,
2000-01-01 12:00:01.548,-2.360859278483119,-6.338758287135617,-0.7921458071387423,-18.389142797717742,,
2000-01-01 12:00:01.548,-2.360718562706808,-6.356382608088925,-0.8047220248953726,-21.497067922761776,,
2000-01-01 12:00:01.548,-2.3748776027620515,-6.366908009987753,-0.8044421278807663,-20.501271991753143,,
2000-01-01 12:00:01.548,-2.363472310411419,-6.406719617772417,-0.7990424848186866,5.290464354981074,,
2000-01-01 12:00:01.548,-2.364208683207232,-6.406063267802109,-0.8056908247401046,40.98815112312576,,
2000-01-01 12:00:01.548,-2.3893004084398095,-6.422705634154342,-0.8140270410538464,-3.894615622536274,,
2000-01-01 12:00:01.548,-2.393684789929873,-6.438095195885539,-0.8185350404862805,-11.678838891018092,,
2000-01-01 12:00:01.548,-2.3646099855990643,-6.4591079674234395,-0.8220089825333069,-38.38362152934026,,
2000-01-01 12:00:01.548,-2.3825890490251256,-6.465203667603291,-0.8456388298735308,-7.131780080861482,,
2000-01-01 12:00:01.548,-2.3952801786151694,-6.466156450578032,-0.8554725209512869,2.137087430826299,,
2000-01-01 12:00:01.548,-2.3927679308557037,-6.484080204242817,-0.8662929563582932,-0.9123037980087074,,
2000-01-01 12:00:01.548,-2.3928483449593285,-6.511157515155048,-0.8665372522965124,-12.499986569516002,,
2000-01-01 12:00:01.548,-2.3934546226622113,-6.528268327044844,-0.8525229272591242,-37.733070791207524,,
2000-01-01 12:00:01.548,-2.3836371515682946,-6.551643691403723,-0.8766220138619144,-25.62981243251901,,
2000-01-01 12:00:01.548,-2.3807344772372683,-6.560820409137457,-0.9120187038406453,-8.144441516802512,,
2000-01-01 12:00:01.548,-2.388310490449261,-6.578170068927334,-0.9192951187583026,-22.09763292233049,,
2000-01-01 12:00:01.548,-2.383820716846407,-6.584138021801143,-0.9291223803307659,-4.850196281437073,,
2000-01-01 12:00:01.548,-2.4007964209341695,-6.583955670475941,-0.9494622600693275,5.765972543069778,,
2000-01-01 12:00:01.548,-2.4089944853317964,-6.591703770943627,-0.943653949518426,0.9497870783539798,,
2000-01-01 12:00:01.548,-2.425192848990931,-6.612066195421361,-0.9554765949788421,9.430347769215656,,
2000-01-01 12:00:01.548,-2.4175146363390088,-6.626717044263486,-0.9690528945210963,4.107633296457946,,
2000-01-01 12:00:01.548,-2.4025385960704697,-6.665276693877625,-0.9787858705009296,9.96958502450556,,
2000-01-01 12:00:01.548,-2.4005791597939448,-6.676346504053554,-1.0079676556829473,3.2044479193960527,,
2000-01-01 12:00:01.548,-2.424189425105698,-6.691724616876279,-1.0084063653578774,-10.269362579584554,,
2000-01-01 12:00:01.548,-2.42767961867099,-6.728669735790462,-1.0183775069662375,-16.70572932630266,,
2000-01-01 12:00:01.548,-2.416981830623941,-6.7085520780479415,-1.0305741690481776,5.541388890118115,,
2000-01-01 12:00:01.548,-2.437575995985717,-6.699481976484562,-1.0327618539536654,29.48809717106612,,
2000-01-01 12:00:01.548,-2.4110644926924403,-6.726792610706906,-1.0314644075897565,24.186414250419535,,
2000-01-01 12:00:01.548,-2.4148460604120796,-6.75511372432028,-1.0481969428577904,42.624833179107675,,
2000-01-01 12:00:01.548,-2.427234517061353,-6.765157784997693,-1.0564787401484206,38.99106581062974,,
2000-01-01 12:00:01.548,-2.414787039875887,-6.801165121448085,-1.075085668474755,45.041037267574914,,
2000-01-01 12:00:01.548,-2.3954668300772646,-6.814628918616551,-1.0810954754792477,38.7883970361728,,
2000-01-01 12:00:01.548,-2.3980241261749673,-6.847215157947494,-1.1064136829570004,39.21256055983226,,
2000-01-01 12:00:01.548,-2.395700922059482,-6.863314126383634,-1.1280867484680006,43.83365584614685,,
2000-01-01 12:00:01.548,-2.358598812696511,-6.8644009658185015,-1.143720891078362,50.377193138182854,,
2000-01-01 12:00:01.548,-2.3556907557925504,-6.869444582967806,-1.1346970894972024,41.70556927875477,,
2000-01-01 12:00:01.548,-2.367264721307602,-6.891079873948781,-1.1468864405870636,43.1753352120251,,
2000-01-01 12:00:01.548,-2.3535762069356365,-6.940106916896111,-1.160820944477697,45.235632348973816,,
2000-01-01 12:00:01.548,-2.3795941698940855,-6.967458009478894,-1.186059482719588,41.09632555592848,,
2000-01-01 12:00:01.548,-2.405910356873648,-6.962577224679552,-1.2155912244440814,41.15465148579668,,
2000-01-01 12:00:01.548,-2.4062445563354036,-6.97003313629558,-1.2128119922822955,30.67089657102233,,
2000-01-01 12:00:01.548,-2.386432939253826,-6.96951851765247,-1.2261032846289537,9.156831209074571,,
2000-01-01 12:00:01.548,-2.3763345681921515,-6.9733708105069425,-1.2276100587687873,-4.340404504801834,,
2000-01-01 12:00:01.548,-2.3867461833531256,-6.99559053306632,-1.2429376598147726,-5.686884167914968,,
2000-01-01 12:00:01.548,-2.3902108772705555,-7.009811129651556,-1.2605958575319534,-2.184742897390684,,
2000-01-01 12:00:01.548,-2.3703349019723916,-7.046183437902674,-1.2771487383812763,-2.234546282281089,,
2000-01-01 12:00:01.548,-2.3561458634217534,-7.063933072781696,-1.2921805835928908,-6.4707602901664725,,
2000-01-01 12:00:01.548,-2.3884125871153867,-7.059282577348195,-1.2996962916448356,-5.579812773318969,,
2000-01-01 12:00:01.548,-2.4085293173406286,-7.0612489374974245,-1.3263726139150882,-9.674256316379356,,
2000-01-01 12:00:01.548,-2.3925125031384127,-7.074599123175018,-1.3457474304347308,-28.24322712264894,,
2000-01-01 12:00:01.548,-2.4048383501614445,-7.047992356725088,-1.3568673680962682,-38.37826318036625,,
2000-01-01 12:00:01.548,-2.4022214357280514,-7.081728381728134,-1.3606296168291976,-40.21704655672075,,
2000-01-01 12:00:01.548,-2.4116665539409885,-7.115555488625635,-1.3843520332413004,-34.92730374056231,,
2000-01-01 12:00:01.548,-2.4313753968643024,-7.098680242067645,-1.3994937507929468,-33.78503481696445,,
2000-01-01 12:00:01.548,-2.4388727752296138,-7.100607553631886,-1.4227005941549968,-31.225601764373334,,
2000-01-01 12:00:01.548,-2.427729279870967,-7.12521457055886,-1.4252684054061928,-19.920743088562507,,
2000-01-01 12:00:01.548,-2.436609644615752,-7.135699863336485,-1.4292912558348219,-14.455844518483502,,
2000-01-01 12:00:01.548,-2.4391311260110604,-7.15058798313002,-1.4082719767964578,-27.401735280246058,,
2000-01-01 12:00:01.548,-2.4168837844486384,-7.159706411721072,-1.4506285065254498,-41.53823562461532,,
2000-01-01 12:00:01.548,-2.4108757376705343,-7.1675926859750785,-1.4882765255750536,-39.14449987568753,,
2000-01-01 12:00:01.548,-2.4415824874077816,-7.168330933102403,-1.4898046321399434,-32.90686943691516,,
2000-01-01 12:00:01.548,-2.4302075476300953,-7.175114885906155,-1.4868281476633132,-32.15068862174139,,
2000-01-01 12:00:01.548,-2.436635115210984,-7.196400446289918,-1.4965709504318196,-38.76964032026834,,
2000-01-01 12:00:01.548,-2.4488075675575187,-7.213106655454462,-1.5105286630871306,-37.51397842418979,,
2000-01-01 12:00:01.548,-2.452397026789082,-7.248840925612061,-1.5404436090886953,-29.29677016396511,,
2000-01-01 12:00:01.548,-2.45287871562246,-7.283979378023811,-1.5433980990921798,-22.52484691296328,,
2000-01-01 12:00:01.548,-2.452181050209439,-7.277398454457551,-1.562764075649145,-36.67232566558958,,
2000-01-01 12:00:01.548,-2.4659642131022173,-7.294249407899885,-1.568538480532266,-46.71904817580404,,
2000-01-01 12:00:01.548,-2.4587211937578664,-7.318423528429882,-1.5637911793169803,-47.04276771592614,,
2000-01-01 12:00:01.548,-2.455220741225691,-7.342867208906608,-1.5641360028932785,-37.17666095353518,,
2000-01-01 12:00:01.548,-2.4547778733004533,-7.387541336492219,-1.5881954180756797,-35.575169520684035,,
2000-01-01 12:00:01.548,-2.45509328835874,-7.394173231621722,-1.6132544499887342,-43.46201831066036,,
2000-01-01 12:00:01.548,-2.4798703757904987,-7.422996938787016,-1.6167597639522127,-33.109570098587284,,
2000-01-01 12:00:01.548,-2.4949377243304744,-7.441410188658246,-1.6392412024755822,-21.321318583654747,,
2000-01-01 12:00:01.548,-2.5087881524355407,-7.47839576547879,-1.6437197096311247,-13.035849965412059,,
2000-01-01 12:00:01.548,-2.522058348151828,-7.501005376980502,-1.653944082881336,-24.231049129799246,,
2000-01-01 12:00:01.548,-2.541617780472236,-7.5397938065239964,-1.6970523501799983,-32.191395411593305,,
2000-01-01 12:00:01.548,-2.5412311593131602,-7.584059535146869,-1.6781012202784598,-34.11018145428887,,
2000-01-01 12:00:01.548,-2.530222859797531,-7.637518143441785,-1.6994247426595552,-30.18119762241546,,
2000-01-01 12:00:01.548,-2.5399828266851077,-7.675001952392069,-1.717133701164525,-38.73783129211062,,
2000-01-01 12:00:01.548,-2.5466798798316423,-7.706578044636465,-1.7216026821344195,-33.42925434523084,,
2000-01-01 12:00:01.548,-2.54740913836562,-7.716286416946323,-1.7316452135887332,-30.760087195927632,,
2000-01-01 12:00:01.548,-2.571535001979572,-7.721459318156228,-1.7511484870727574,-37.863840895994656,,
2000-01-01 12:00:01.548,-2.56787096490107,-7.748791392584207,-1.7509024691965405,-45.13742184206998,,
2000-01-01 12:00:01.548,-2.5710052970270474,-7.7631729141895915,-1.7796050745214715,-51.63481826730761,,
2000-01-01 12:00:01.548,-2.5826338927086936,-7.7901886645134875,-1.775151912565605,-40.678066754245016,,
2000-01-01 12:00:01.548,-2.585533160946682,-7.812542845279092,-1.787902370716923,-34.96240054135012,,
2000-01-01 12:00:01.548,-2.5745406331658045,-7.836034662969291,-1.810154855650936,-33.51575939634395,,
2000-01-01 12:00:01.548,-2.607867182365668,-7.873921172118589,-1.8128728526977038,-43.85814286082336,,
2000-01-01 12:00:01.548,-2.641082788634068,-7.899730160521174,-1.8332002156127056,-53.35079460994682,,
2000-01-01 12:00:01.548,-2.665995470224676,-7.907059838772692,-1.8535783442692846,-48.26353386761681,,
2000-01-01 12:00:01.548,-2.6851746900030133,-7.9017636965607565,-1.8640614805201656,-50.81486502486463,,
2000-01-01 12:00:01.548,-2.6995377796565223,-7.906427194030142,-1.8657311663957263,-53.62423651546076,,
2000-01-01 12:00:01.548,-2.7266147380669707,-7.919586514482341,-1.8876343805683407,-45.48744946443385,,
2000-01-01 12:00:01.548,-2.7392489051301094,-7.95317768022884,-1.8894184429246967,-48.542931744612886,,
2000-01-01 12:00:01.548,-2.7627113020612115,-7.946810063813915,-1.8744403700717007,-53.0195670204515,,
2000-01-01 12:00:01.548,-2.7679227472890116,-7.975045853467655,-1.884810400154674,-24.997446626607037,,
2000-01-01 12:00:01.548,-2.780584949680256,-7.993574972360654,-1.9041833608635215,-24.430036000741573,,
2000-01-01 12:00:01.548,-2.767409587534348,-7.998268530483594,-1.8928802508673075,-18.43787512178007,,
2000-01-01 12:00:01.548,-2.806674957784884,-8.027790967453445,-1.8890904161173654,-12.678944184345593,,
2000-01-01 12:00:01.548,-2.8356178027579917,-8.040828830278977,-1.8922049126901683,8.329251972211535,,
2000-01-01 12:00:01.548,-2.845868286311055,-8.062988573359798,-1.9107800548241574,4.732315771306371,,
2000-01-01 12:00:01.548,-2.8761930344057727,-8.075790794086517,-1.908042940906753,-9.982341403995518,,
2000-01-01 12:00:01.548,-2.880211117282112,-8.090137638034562,-1.9103984652728905,-10.03089384003153,,
2000-01-01 12:00:01.548,-2.9039337416279367,-8.107565485065768,-1.8916658029023015,-4.25044040470701,,
2000-01-01 12:00:01.548,-2.9071064514238247,-8.133123245082482,-1.8944729304010997,-2.7412706988670106,,
2000-01-01 12:00:01.548,-2.9039436620411183,-8.147999489131337,-1.8893952857914587,-26.40792097173934,,
2000-01-01 12:00:01.548,-2.9173252980086284,-8.153679288761042,-1.8935575615411022,-41.095550715696014,,
2000-01-01 12:00:01.548,-2.9228043453592254,-8.155485394500918,-1.8997122961339379,-39.52065766169874,,
2000-01-01 12:00:01.548,-2.9392285890420333,-8.137104897531872,-1.8823031340449257,-22.515497077318017,,
2000-01-01 12:00:01.548,-2.944295172916339,-8.173552842532477,-1.8762237771344064,-24.229620381092094,,
2000-01-01 12:00:01.548,-2.9361074985777287,-8.182337689616933,-1.8758878354366406,-18.417120547769443,,
2000-01-01 12:00:01.548,-2.9261769204028516,-8.209597174453043,-1.8713574755814784,-10.75369619772114,,
2000-01-01 12:00:01.548,-2.948388761390412,-8.229278651507222,-1.8844185726015894,6.582303826782893,,
2000-01-01 12:00:01.548,-2.9372955589915466,-8.220416441455063,-1.8845074734082772,6.5707586861810325,,
2000-01-01 12:00:01.548,-2.9602717586409284,-8.224435536743094,-1.8871388052764604,-4.751827521898706,,
2000-01-01 12:00:01.548,-2.94825786954682,-8.222221842923389,-1.8763699636970173,-26.81960265262658,,
2000-01-01 12:00:01.548,-2.9618827973504303,-8.247771842327436,-1.9081189935797438,-25.231587233598546,,
2000-01-01 12:00:01.548,-2.971697984575545,-8.271889056635127,-1.9236677502399293,-25.226163915629602,,
2000-01-01 12:00:01.548,-2.9508137799233953,-8.26107790568443,-1.928002603808341,-43.39784196010875,,
2000-01-01 12:00:01.548,-2.968376419713855,-8.266051892807065,-1.9133697339159994,-41.643395567609176,,
2000-01-01 12:00:01.548,-2.9713606474326713,-8.280064822000481,-1.9046426145556048,-27.388073427982675,,
2000-01-01 12:00:01.548,-2.971041367578267,-8.291724137275276,-1.8919163651450286,-22.076604708712527,,
2000-01-01 12:00:01.548,-2.9729643268872645,-8.273386959098977,-1.8896769141641234,-33.50385385924334,,
2000-01-01 12:00:01.548,-2.976459360288245,-8.293147779460735,-1.8926591258688723,-44.371212799448514,,
2000-01-01 12:00:01.548,-2.976476715078203,-8.28952874634697,-1.8863727964169763,-40.688944701074846,,
2000-01-01 12:00:01.548,-2.9895143877266284,-8.294637430247247,-1.893977497976675,-35.979517676001606,,
2000-01-01 12:00:01.548,-3.0038150648424113,-8.317269122678757,-1.9105243057348904,-43.99468518143137,,
2000-01-01 12:00:01.548,-2.9906187087186336,-8.334779028742357,-1.8927403300575825,-54.53352986094781,,
2000-01-01 12:00:01.548,-3.002407033606807,-8.321864577178268,-1.8853561692503387,-52.61906497898054,,
2000-01-01 12:00:01.548,-3.0195918939614073,-8.293254655010584,-1.880684383813354,-48.18249942065267,,
2000-01-01 12:00:01.548,-3.028223457829078,-8.287332870829525,-1.8946369273840775,-49.21397049089105,,
2000-01-01 12:00:01.548,-2.991828347377252,-8.300383728312111,-1.9107741379847798,-55.97865732309117,,
2000-01-01 12:00:01.548,-2.987448255189261,-8.32448976656392,-1.8943507509438036,-43.16276535200893,,
2000-01-01 12:00:01.548,-2.9866046278229286,-8.335375094237511,-1.8881891487138052,-32.961897959527285,,
2000-01-01 12:00:01.548,-2.9952763918950627,-8.32169549075813,-1.8890752307839505,-27.23500896297792,,
2000-01-01 12:00:01.548,-2.97922326304556,-8.324423770324103,-1.8648803912750316,-37.04781706545187,,
2000-01-01 12:00:01.548,-2.9902365177783685,-8.332325319310943,-1.850706550656215,-43.30134847509465,,
2000-01-01 12:00:01.548,-2.9929623299430177,-8.3264674109843,-1.8518772232429879,-39.999831588909714,,
2000-01-01 12:00:01.548,-2.974461450235569,-8.336724532547493,-1.8717117848563416,-38.768534964201166,,
2000-01-01 12:00:01.548,-2.973805280215818,-8.325341083288643,-1.8732427788475219,-42.45346541503448,,
2000-01-01 12:00:01.548,-2.9913972783062497,-8.332846215602537,-1.8857500179218134,-41.472383454065024,,
2000-01-01 12:00:01.548,-2.988768133475808,-8.334609821023392,-1.867462654369128,-16.734370153851064,,
2000-01-01 12:00:01.548,-2.9912573908079514,-8.347658679814133,-1.8620915491494792,0.7856431828432406,,
2000-01-01 12:00:01.548,-3.0126394155654634,-8.344311736740984,-1.866349551070085,6.61623804726806,,
2000-01-01 12:00:01.548,-3.0120549494404734,-8.346110481406615,-1.8632014768822787,-10.604728333692982,,
2000-01-01 12:00:01.548,-3.0002559610891457,-8.363941562804365,-1.8449198095704362,-21.32372091895267,,
2000-01-01 12:00:01.548,-3.002915332628974,-8.399746198500345,-1.8264574633897024,-24.307431303881557,,
2000-01-01 12:00:01.548,-2.990849776104131,-8.384097786606699,-1.8164676172711378,-15.56885475645337,,
2000-01-01 12:00:01.548,-3.007754540052915,-8.359184526396069,-1.8238889195343269,-17.550429222930102,,
2000-01-01 12:00:01.548,-3.013155873126386,-8.361162614295017,-1.8337987122098343,-23.407832351385444,,
2000-01-01 12:00:01.548,-2.993927260626225,-8.401647200826726,-1.8380385095374028,-20.432153193080797,,
2000-01-01 12:00:01.548,-2.992926106102864,-8.405188619796766,-1.8290054838979453,-18.517532085456605,,
2000-01-01 12:00:01.548,-3.0084312810410387,-8.392821941505138,-1.8304788057509809,-10.804807039615145,,
2000-01-01 12:00:01.548,-3.0074782050688604,-8.401010090814863,-1.8345967069791997,-17.112038066642235,,
2000-01-01 12:00:01.548,-3.0395864766924094,-8.399374292581175,-1.841642365148663,-10.718164850674695,,
2000-01-01 12:00:01.548,-3.026049061836192,-8.401258773307845,-1.846242951039867,-17.48178760193623,,
2000-01-01 12:00:01.548,-3.016597848199089,-8.409013060019639,-1.8333543645326744,-11.430210947793988,,
2000-01-01 12:00:01.548,-3.0037989433475527,-8.422065129633447,-1.828467090163546,-10.708406954495562,,
2000-01-01 12:00:01.548,-3.016649472177072,-8.414799862960932,-1.852960558617264,-16.395954907135348,,
2000-01-01 12:00:01.548,-3.017531435752265,-8.440526981965002,-1.8489524208668058,-18.421317301122688,,
2000-01-01 12:00:01.548,-3.0209014512725565,-8.460009843845791,-1.851823428444358,-11.674016990057178,,
2000-01-01 12:00:01.548,-3.0295188487293947,-8.461732839944476,-1.8386582581498543,-7.4232207963106225,,
2000-01-01 12:00:01.548,-3.0301112208203613,-8.445767380124813,-1.8268065717406818,-14.62300299912791,,
2000-01-01 12:00:01.548,-3.0340714264131017,-8.443365668332646,-1.8300114364979898,-2.1007054077503176,,
2000-01-01 12:00:01.548,-3.04726022343697,-8.482583628717682,-1.801061498376643,4.7035630123787175,,
2000-01-01 12:00:01.548,-3.0341687106232564,-8.498524007544525,-1.7994810185699788,0.9251962784658292,,
2000-01-01 12:00:01.548,-3.0365844442868277,-8.513326091555735,-1.8156812764320656,-3.6173424518870374,,
2000-01-01 12:00:01.548,-3.047824865878028,-8.515535969886558,-1.8055433743771963,-0.6933981463063043,,
2000-01-01 12:00:01.548,-3.052637533544778,-8.505224486464515,-1.8075888374758442,1.8037688680020032,,
2000-01-01 12:00:01.548,-3.043434519836312,-8.522543822034255,-1.8194094200552435,1.0078518187925638,,
2000-01-01 12:00:01.548,-3.059571716079827,-8.542588453335204,-1.8269743270275558,-24.989112047866325,,
2000-01-01 12:00:01.548,-3.0621544290677947,-8.553000781407809,-1.8263734764999473,-53.196487467309346,,
2000-01-01 12:00:01.548,-3.0753797242122434,-8.564780185152863,-1.8272424255937803,-51.981532654545774,,
2000-01-01 12:00:01.548,-3.070923583446397,-8.550442586662488,-1.8325929878969358,-47.217870317057844,,
2000-01-01 12:00:01.548,-3.065121365422391,-8.54454519112449,-1.821707036754931,-55.56564152088116,,
2000-01-01 12:00:01.548,-3.0643135737481186,-8.55619286933213,-1.8223393441518037,-75.92075648561394,,
2000-01-01 12:00:01.548,-3.087452726189761,-8.57444688688237,-1.828297404530484,-78.76723048627824,,
2000-01-01 12:00:01.548,-3.0887238530801193,-8.578278727994164,-1.830264698096178,-72.5621535686741,,
2000-01-01 12:00:01.548,-3.0806772846840005,-8.562666335863977,-1.8525032369237753,-83.16520699320247,,
2000-01-01 12:00:01.548,-3.0908806429845717,-8.574638445104355,-1.8698226967304812,-85.2187613679298,,
2000-01-01 12:00:01.548,-3.08172440605759,-8.569718666031806,-1.8561569294691405,-84.44342770390189,,
2000-01-01 12:00:01.548,-3.0965841066824344,-8.602488001229174,-1.855732081999571,-64.30407706728312,,
2000-01-01 12:00:01.548,-3.0814031134475046,-8.620175301733914,-1.8601157431734048,-51.00130979704213,,
2000-01-01 12:00:01.548,-3.0727746502261684,-8.605951613286903,-1.8774634559008796,-91.76353531500533,,
2000-01-01 12:00:01.548,-3.0973747070215625,-8.599245416776302,-1.8991102284722388,-111.37097546477419,,
2000-01-01 12:00:01.548,-3.0880557762106937,-8.616466128066739,-1.9130895460051984,-94.59554697242166,,
2000-01-01 12:00:01.548,-3.0915964733870474,-8.612198479637753,-1.9074105252463271,-71.4170211165818,,
2000-01-01 12:00:01.548,-3.107365925958604,-8.61976385188028,-1.8982577541944101,-70.50042199532427,,
2000-01-01 12:00:01.548,-3.146516101796365,-8.642841997905713,-1.8981311100766673,-67.41916740857592,,
2000-01-01 12:00:01.548,-3.1412773845984296,-8.6447597325222,-1.8826698205743237,-54.86670153031768,,
2000-01-01 12:00:01.548,-3.105663144527084,-8.643518052520879,-1.9033698423992942,-34.371168452741415,,
2000-01-01 12:00:01.548,-3.1326318682629286,-8.64336477062793,-1.928383134047769,-30.39657210034287,,
2000-01-01 12:00:01.548,-3.1336949809129178,-8.635028218134122,-1.912525471176301,-32.12350840280012,,
2000-01-01 12:00:01.548,-3.1361076838743567,-8.64771978870345,-1.9043937290641753,-36.63759896105197,,
2000-01-01 12:00:01.548,-3.1416960495759954,-8.636313649948494,-1.908729956292628,-18.84480702686689,,
2000-01-01 12:00:01.548,-3.148498099629076,-8.637916238584559,-1.9099932200683218,-3.0058523914322386,,
2000-01-01 12:00:01.548,-3.152543140399166,-8.629645649713952,-1.919964078835781,-5.003758394416215,,
2000-01-01 12:00:01.548,-3.1612368983312926,-8.618527852163353,-1.9106262147597122,-16.63446845053562,,
2000-01-01 12:00:01.548,-3.1658602557561903,-8.607239481676984,-1.9070487134410177,-7.396181664330325,,
2000-01-01 12:00:01.548,-3.1505082659781034,-8.605413732594204,-1.9236545805008245,12.76148470294728,,
2000-01-01 12:00:01.548,-3.1332569748324994,-8.607361940406067,-1.925581566108,12.305225547294645,,
2000-01-01 12:00:01.548,-3.1490290519576405,-8.603535299740315,-1.9394502471015336,4.578598029920955,,
2000-01-01 12:00:01.548,-3.157617210369264,-8.58752962091731,-1.9157735238942166,16.604850442866372,,
2000-01-01 12:00:01.548,-3.1370289313320576,-8.58075294131971,-1.9186912841949415,31.969816206156025,,
2000-01-01 12:00:01.548,-3.119805363402217,-8.565110021057077,-1.9106276814362753,37.32424425000925,,
2000-01-01 12:00:01.548,-3.1188421890566422,-8.55534758419991,-1.9011655383925388,27.289894798196134,,
2000-01-01 12:00:01.548,-3.1154482824438277,-8.556637492177044,-1.89946980910232,21.41197792003976,,
2000-01-01 12:00:01.548,-3.10967549145871,-8.545496076381745,-1.9043031541894704,47.62577209553862,,
2000-01-01 12:00:01.548,-3.12052095514263,-8.539491852370936,-1.8883778565073213,57.707655326798225,,
2000-01-01 12:00:01.548,-3.122909358437535,-8.52563371340493,-1.884474075907157,43.75143628753687,,
2000-01-01 12:00:01.548,-3.1236358587327193,-8.514269832543532,-1.921004342386403,16.51373105731671,,
2000-01-01 12:00:01.548,-3.1282301605637843,-8.503653913979914,-1.9259966454998314,11.805460185728398,,
2000-01-01 12:00:01.548,-3.135459994282117,-8.479764103506383,-1.9300842305659123,12.23671674646234,,
2000-01-01 12:00:01.548,-3.127414070901953,-8.456657394177288,-1.943700001523004,15.053949129420154,,
2000-01-01 12:00:01.548,-3.130579752175208,-8.464764460668817,-1.9369616527250737,-8.203408772509839,,
2000-01-01 12:00:01.548,-3.1291642268606337,-8.464530396907756,-1.9348698857020277,7.040221621015796,,
2000-01-01 12:00:01.548,-3.130556271108613,-8.417443475251117,-1.9269434426318515,23.62419452340282,,
2000-01-01 12:00:01.548,-3.1354624529576673,-8.412141422550356,-1.9449205496738617,9.363896971852832,,
2000-01-01 12:00:01.548,-3.1492761462339005,-8.40131810350164,-1.9378790230269138,-33.432163297593824,,
2000-01-01 12:00:01.548,-3.155631703336177,-8.384878512148434,-1.9383309344153634,-16.393617858594585,,
2000-01-01 12:00:01.548,-3.157726498447269,-8.379462963986164,-1.9245399785579558,-23.187455687953115,,
2000-01-01 12:00:01.548,-3.1448555335157398,-8.382239608864408,-1.9187527145686842,-9.569866014353577,,
2000-01-01 12:00:01.548,-3.1376527366454767,-8.366057451552795,-1.90915518962496,2.9671700400857923,,
2000-01-01 12:00:01.548,-3.114891412076391,-8.352751723890064,-1.903135489504443,-1.0673439221373697,,
2000-01-01 12:00:01.548,-3.1089428219935207,-8.337804165403542,-1.9082775437981607,-4.379208246031627,,
2000-01-01 12:00:01.548,-3.0757685022887196,-8.336689100958331,-1.8951629285021423,3.4031616436006065,,
2000-01-01 12:00:01.548,-3.0719603697890383,-8.326111486363985,-1.9241618140765155,24.845543867585477,,
2000-01-01 12:00:01.548,-3.0723219160931055,-8.313393318111329,-1.9177393866972952,18.28931339191303,,
2000-01-01 12:00:01.548,-3.05675985481285,-8.306194418337249,-1.8790049021107835,14.2142722632255,,
2000-01-01 12:00:01.548,-3.03641181158977,-8.293803545392299,-1.8875023359803735,0.2228658609256139,,
2000-01-01 12:00:01.548,-3.038626451640404,-8.277274939098351,-1.8969129586406626,5.780741384685738,,
2000-01-01 12:00:01.548,-3.0309918476233793,-8.286714921740062,-1.8858136309394107,-5.366064674798564,,
2000-01-01 12:00:01.548,-3.024139890868102,-8.28121153357321,-1.8723754443163367,-17.571313238951436,,
2000-01-01 12:00:01.548,-3.0435826870272984,-8.251790670549955,-1.8668848128737594,-15.368714091072833,,
2000-01-01 12:00:01.548,-3.0437028231702867,-8.218501791321327,-1.8632721381829611,-10.648248611505265,,
2000-01-01 12:00:01.548,-3.013459471663472,-8.205836267139452,-1.8602411470739741,-16.115783837878674,,
2000-01-01 12:00:01.548,-3.005888335309333,-8.211727514982305,-1.845015728694493,-23.997613330424088,,
2000-01-01 12:00:01.548,-2.991527352533083,-8.211049384631066,-1.8447896671271806,-23.328948496537084,,
2000-01-01 12:00:01.548,-2.964400551089791,-8.209318944561877,-1.8340071142683405,-24.9506879107137,,
2000-01-01 12:00:01.548,-2.940779102807126,-8.210974254762215,-1.8329181277290731,-24.98745949656126,,
2000-01-01 12:00:01.548,-2.9465890690605074,-8.174454176541479,-1.8124373050876208,-35.38466006768134,,
2000-01-01 12:00:01.548,-2.938101031472765,-8.15684573631641,-1.786859896437566,-44.517407186668,,
2000-01-01 12:00:01.548,-2.9427929369853385,-8.148248991859028,-1.7734142363711112,-47.767854582147095,,
2000-01-01 12:00:01.548,-2.9296569130634125,-8.119025288004757,-1.7557324038876672,-46.995984891648746,,
2000-01-01 12:00:01.548,-2.9146023573582136,-8.106415144847539,-1.794333869599677,-60.82963573351646,,
2000-01-01 12:00:01.548,-2.8981675999519254,-8.098050969532915,-1.8076027780898734,-93.28734562679423,,
2000-01-01 12:00:01.548,-2.9080443545641286,-8.088468753565873,-1.7797194509392051,-71.43891304273072,,
2000-01-01 12:00:01.548,-2.9160601839283844,-8.100276209822727,-1.744879374154357,-41.900397906308825,,
2000-01-01 12:00:01.548,-2.8923747293526176,-8.088494018052733,-1.7459883717519273,-37.20975824742871,,
2000-01-01 12:00:01.548,-2.8751264701513093,-8.048097572153083,-1.7250257427095506,-50.72167133549518,,
2000-01-01 12:00:01.548,-2.852694266456464,-8.045625770370085,-1.7176427819962432,-56.571698548147,,
2000-01-01 12:00:01.548,-2.846339864817698,-8.075817709747612,-1.7125925060128417,-26.275448870727168,,
2000-01-01 12:00:01.548,-2.8377335854146453,-8.08190981770397,-1.692310525174479,-33.27286033992612,,
2000-01-01 12:00:01.548,-2.8300172952105,-8.071105984389956,-1.682897236873666,-44.854068420054126,,
2000-01-01 12:00:01.548,-2.8291578127525776,-8.037979705008388,-1.6724450153288228,-51.834976739423524,,
2000-01-01 12:00:01.548,-2.8162983500187937,-8.041218315351234,-1.6715357610475146,-37.60982059010099,,
2000-01-01 12:00:01.548,-2.811344714050916,-8.025993332297144,-1.6821348080751812,-25.66547932021282,,
2000-01-01 12:00:01.548,-2.7953205650066377,-8.014594198988007,-1.686707016161166,-41.24212226441228,,
2000-01-01 12:00:01.548,-2.746804143686569,-8.036523042804534,-1.6702910199242247,-50.913963716758744,,
2000-01-01 12:00:01.548,-2.71844387403831,-8.050830119047165,-1.6491702721215968,-52.68922864183955,,
2000-01-01 12:00:01.548,-2.745320459226307,-8.036031998167019,-1.6631913690733537,-48.94523959647358,,
2000-01-01 12:00:01.548,-2.76009721359365,-8.024130491183174,-1.6529848895045156,-47.16123558918461,,
2000-01-01 12:00:01.548,-2.7533076999116104,-8.012815286009273,-1.6482188104719482,-53.28937541169081,,
2000-01-01 12:00:01.548,-2.747993064471602,-8.011589889004771,-1.637082490550241,-47.99162973850852,,
2000-01-01 12:00:01.548,-2.7532242192389553,-7.964828217611357,-1.6329263733282104,-39.79776794104422,,
2000-01-01 12:00:01.548,-2.733170389112278,-7.9549764350714725,-1.6230836769677395,-39.99899232211335,,
2000-01-01 12:00:01.548,-2.7059488620459,-7.947912118847576,-1.5924196006405233,-37.21055107156088,,
2000-01-01 12:00:01.548,-2.70701807946937,-7.94936483158953,-1.572416148348392,-35.03485836831863,,
2000-01-01 12:00:01.548,-2.6966661388307753,-7.940891499385702,-1.5538624242193542,-26.9701054291386,,
2000-01-01 12:00:01.548,-2.6905266408296624,-7.900655425427805,-1.5452288063572854,-10.271202083278652,,
2000-01-01 12:00:01.548,-2.7060737946874975,-7.893760051897443,-1.569445494052528,-9.215212534622744,,
2000-01-01 12:00:01.548,-2.6956315958198487,-7.847883629217129,-1.5886337721388686,-20.317739184300304,,
2000-01-01 12:00:01.548,-2.6948891274049687,-7.858411832591744,-1.5733133750946782,-13.572078108094997,,
2000-01-01 12:00:01.548,-2.6992810635816795,-7.84789433693272,-1.5467102634219783,-15.154140278938801,,
2000-01-01 12:00:01.548,-2.6932941633568857,-7.818563229197813,-1.503657744755854,-17.403492141408396,,
2000-01-01 12:00:01.548,-2.6619922574886097,-7.81394881286164,-1.4705406586167251,-20.063529992132164,,
2000-01-01 12:00:01.548,-2.6454694233820137,-7.790954463815913,-1.4733011396640188,-23.792988733014877,,
2000-01-01 12:00:01.548,-2.624973150533426,-7.79162275735303,-1.4819852161362048,-24.114212644467802,,
2000-01-01 12:00:01.548,-2.6141178130270237,-7.762432957507165,-1.4731160077719452,-24.061245118295442,,
2000-01-01 12:00:01.548,-2.6298356617655534,-7.725887017215647,-1.4607463980020599,-15.578216584148304,,
2000-01-01 12:00:01.548,-2.624545237153387,-7.715162234984119,-1.4559351602420738,-2.5150594480909074,,
2000-01-01 12:00:01.548,-2.6003917200652666,-7.675488023208935,-1.4608608551709656,-1.8821327412943092,,
2000-01-01 12:00:01.548,-2.586132783025319,-7.655960189077828,-1.4342691135156171,5.803167145768686,,
2000-01-01 12:00:01.548,-2.5769938411992714,-7.624800833670144,-1.428054820385183,1.2773429063187511,,
2000-01-01 12:00:01.548,-2.5482705228388505,-7.626593020235762,-1.4292219651093971,-8.304295213923039,,
2000-01-01 12:00:01.548,-2.5228023150156584,-7.595234600366704,-1.4147635758938473,-10.947667200157953,,
2000-01-01 12:00:01.548,-2.5068448449513285,-7.566244892704805,-1.4089551759153776,-14.411103544584954,,
2000-01-01 12:00:01.548,-2.4930531020782034,-7.53510449086906,-1.389747385920998,-18.637178620579864,,
2000-01-01 12:00:01.548,-2.4955495876701876,-7.519344467953423,-1.3999252880275812,-23.698757385516092,,
2000-01-01 12:00:01.548,-2.4873114028834182,-7.517635838348439,-1.3950038478122302,-28.695988479918313,,
2000-01-01 12:00:01.548,-2.4887499256194765,-7.514758714711234,-1.3916427956703497,-50.408104573446934,,
2000-01-01 12:00:01.548,-2.4824659855118236,-7.491441172667279,-1.38874037483629,5.6902089270999365,,
2000-01-01 12:00:01.548,-2.4664496427096374,-7.48032667965893,-1.3967677333540736,24.637484432705737,,
2000-01-01 12:00:01.548,-2.4254048866814837,-7.47088212701178,-1.3729299579871732,7.635163477849305,,
2000-01-01 12:00:01.548,-2.416829728301515,-7.457863345526931,-1.3644984897849206,19.913981707005867,,
2000-01-01 12:00:01.548,-2.415936357237708,-7.4532287069023315,-1.3734619488067585,-28.246874738529588,,
2000-01-01 12:00:01.548,-2.39400202437129,-7.465582953801093,-1.3665137242630585,-18.10039442055984,,
2000-01-01 12:00:01.548,-2.3735516186934587,-7.485623571384041,-1.363959291253249,-14.805250035116275,,
2000-01-01 12:00:01.548,-2.3766088837160027,-7.494689393916785,-1.3711491271860674,-14.230758246620628,,
2000-01-01 12:00:01.548,-2.355164131614678,-7.478538393238313,-1.3704743649796516,-10.181690218585866,,
2000-01-01 12:00:01.548,-2.361204702319923,-7.470326147695843,-1.3590985701940763,2.36747570348658,,
2000-01-01 12:00:01.548,-2.336558127285601,-7.472431881305359,-1.355845234167257,1.1556099571908347,,
2000-01-01 12:00:01.548,-2.33124382026857,-7.448949945708336,-1.3604739611553383,-4.783816654931204,,
2000-01-01 12:00:01.548,-2.3292464659165435,-7.460360455981115,-1.354753778001272,14.363971384061012,,
2000-01-01 12:00:01.548,-2.3445333063284166,-7.449452027934304,-1.3797698573089359,28.05080206723807,,
2000-01-01 12:00:01.548,-2.3254365668448274,-7.45019840077643,-1.385563445097613,25.329613210002254,,
2000-01-01 12:00:01.548,-2.307291046482387,-7.4494230367839425,-1.3835078989318632,50.098043461810704,,
2000-01-01 12:00:01.548,-2.300472608591232,-7.456452329801776,-1.3972283139187027,78.20811320602995,,
2000-01-01 12:00:01.548,-2.3049168273268243,-7.4643231264510765,-1.3868112675716786,77.56313089727811,,
2000-01-01 12:00:01.548,-2.3009131253142074,-7.459854764605464,-1.3759674754468068,56.56074192623438,,
2000-01-01 12:00:01.548,-2.313263048434799,-7.471449923371636,-1.3609077303033752,47.03296052262418,,
2000-01-01 12:00:01.548,-2.3173644770864517,-7.471243948502722,-1.3849229376213528,39.0225060983815,,
2000-01-01 12:00:01.548,-2.340419250846503,-7.430028637568058,-1.406179263919678,50.45715259128755,,
2000-01-01 12:00:01.548,-2.3182689064164057,-7.433590724631397,-1.4213439362912688,70.12948431963815,,
2000-01-01 12:00:01.548,-2.3067191421230038,-7.436507846822118,-1.415516721010455,62.46997552146266,,
2000-01-01 12:00:01.548,-2.326319739334235,-7.4292070903501335,-1.4277523904702691,49.41680410395918,,
2000-01-01 12:00:01.548,-2.3339588054010267,-7.413185860001858,-1.4332316304442476,46.54976973114217,,
2000-01-01 12:00:01.548,-2.338123718821922,-7.400916513459435,-1.4326343977364213,45.07356521958625,,
2000-01-01 12:00:01.548,-2.3450105836898882,-7.375911897070252,-1.4353620013180366,38.67162063305373,,
2000-01-01 12:00:01.548,-2.315509880533964,-7.388867644318976,-1.4335160411730765,50.864747266932824,,
2000-01-01 12:00:01.548,-2.311280301601893,-7.425070032698835,-1.4317049554200247,65.6838990371065,,
2000-01-01 12:00:01.548,-2.3018550338871546,-7.386532426919048,-1.4276299488887458,70.83626038802582,,
2000-01-01 12:00:01.548,-2.2929777203666633,-7.3810322361433025,-1.4376842194768589,70.58116225498507,,
2000-01-01 12:00:01.548,-2.321976494693903,-7.36271211510265,-1.4633093776120925,72.03211430688975,,
2000-01-01 12:00:01.548,-2.3080918383082554,-7.3575649929442175,-1.475167410276317,75.04068766474585,,
2000-01-01 12:00:01.548,-2.292396630635361,-7.363772156602097,-1.4786862880115779,78.73530221996197,,
2000-01-01 12:00:01.548,-2.29042702766782,-7.357433727137816,-1.4617439586671597,96.10258567170293,,
2000-01-01 12:00:01.548,-2.2876365607534774,-7.360808019951239,-1.4654485160739916,76.66017265811304,,
2000-01-01 12:00:01.548,-2.2854340194227154,-7.366926850584416,-1.4829846056352682,52.09835320852375,,
2000-01-01 12:00:01.548,-2.2809783366849143,-7.33381100714058,-1.5065266067794374,51.56532586583797,,
2000-01-01 12:00:01.548,-2.267883962674238,-7.31787023019556,-1.4860776269863079,85.8043422041185,,
2000-01-01 12:00:01.548,-2.2532706467209893,-7.333863923897798,-1.491456653898371,73.04877989388935,,
2000-01-01 12:00:01.548,-2.2180522787888397,-7.356667497570922,-1.5060374117654,46.40109237506365,,
2000-01-01 12:00:01.548,-2.2218301878606295,-7.332078817921061,-1.4919313552355524,40.38987959006463,,
2000-01-01 12:00:01.548,-2.230019233618322,-7.309270710214326,-1.4800429407593518,30.487590927901017,,
2000-01-01 12:00:01.548,-2.204952271568064,-7.313864104487539,-1.479524408960787,34.47619373635032,,
2000-01-01 12:00:01.548,-2.1709475520727644,-7.335170138158589,-1.4783257369884861,28.189096670966055,,
2000-01-01 12:00:01.548,-2.152969919667287,-7.33692612610872,-1.4612151463626757,9.722632630999339,,
2000-01-01 12:00:01.548,-2.1394083167179305,-7.332362846333917,-1.4699292893131168,4.063508824275368,,
2000-01-01 12:00:01.548,-2.1405680642408673,-7.3403374029647255,-1.4836186033512915,-2.474288796501053,,
2000-01-01 12:00:01.548,-2.1373574616364417,-7.344003078880054,-1.4642418087087472,-0.43481035744013224,,
2000-01-01 12:00:01.548,-2.1151689465290846,-7.342434534138787,-1.460162922144188,-5.953623014192033,,
2000-01-01 12:00:01.548,-2.098252122704628,-7.385792204530377,-1.462028323815798,0.4682766293231601,,
2000-01-01 12:00:01.548,-2.08635434619176,-7.3946404571962905,-1.4573029473162804,11.663318064786873,,
2000-01-01 12:00:01.548,-2.0961802417501585,-7.382218954388184,-1.4766270760421207,-0.6016174936313521,,
2000-01-01 12:00:01.548,-2.097460155798392,-7.397741510703799,-1.495770361225213,-27.80266708066504,,
2000-01-01 12:00:01.548,-2.0744229910443304,-7.443833521847515,-1.4827401725815446,-45.54510398792607,,
2000-01-01 12:00:01.548,-2.0753612082599,-7.443614024945412,-1.4864068416329228,-46.28284369668936,,
2000-01-01 12:00:01.548,-2.0705484438829784,-7.4276712481100295,-1.4850502088727342,-36.916165271445294,,
2000-01-01 12:00:01.548,-2.0822589100102706,-7.423753294219117,-1.4660287868487176,-47.850956802848955,,
2000-01-01 12:00:01.548,-2.066228379334267,-7.434257384548907,-1.490652717807658,-64.95694789915188,,
2000-01-01 12:00:01.548,-2.0426147631394658,-7.450737476498934,-1.5048595053094196,-71.56729513642881,,
2000-01-01 12:00:01.548,-2.0610777421359137,-7.458166716760443,-1.5270952300834737,-71.38938150389822,,
2000-01-01 12:00:01.548,-2.08455815267482,-7.430694098037574,-1.5383858795535559,-72.10206570824856,,
2000-01-01 12:00:01.548,-2.083088037382701,-7.427034828541449,-1.537198282515921,-99.74930303644464,,
2000-01-01 12:00:01.548,-2.076771341344753,-7.431963481330061,-1.5501107220429517,-112.37317315917336,,
2000-01-01 12:00:01.548,-2.070230219634485,-7.432505458496989,-1.5582106012513057,-104.31809531612046,,
2000-01-01 12:00:01.548,-2.074290099188743,-7.440227314949214,-1.5575774016810797,-91.45989794370385,,
2000-01-01 12:00:01.548,-2.0790971559757527,-7.4217909929725225,-1.5836375422580966,-107.75777360418999,,
2000-01-01 12:00:01.548,-2.0695240213114388,-7.4052512105301,-1.6049759563977335,-126.94835113993354,,
2000-01-01 12:00:01.548,-2.072757485579667,-7.404390458410499,-1.6087706287339147,-101.79199621849202,,
2000-01-01 12:00:01.548,-2.0662718477866693,-7.395987950497286,-1.629199391768503,-92.46764520624356,,
2000-01-01 12:00:01.548,-2.0577936087322897,-7.405123699563475,-1.6399452868056055,-82.11343720373794,,
2000-01-01 12:00:01.548,-2.0588992705363247,-7.387011068407142,-1.6267931040261205,-83.49929310792258,,
2000-01-01 12:00:01.548,-2.0541997497653433,-7.339759092342761,-1.6117608834577486,-83.25254369781602,,
2000-01-01 12:00:01.548,-2.0576532605534594,-7.345135612525613,-1.6025406569303389,-101.29638932901308,,
2000-01-01 12:00:01.548,-2.0497831273443383,-7.331403963492499,-1.6037519616506872,-113.66229210486779,,
2000-01-01 12:00:01.548,-2.0511914104646602,-7.283028169177677,-1.6228909674904721,-122.36227136162954,,
2000-01-01 12:00:01.548,-2.050205478818917,-7.249115474603475,-1.6088237139736832,-157.77928443266865,,
2000-01-01 12:00:01.548,-2.0255211497904853,-7.261196187279069,-1.604863716137877,-125.0266618381511,,
2000-01-01 12:00:01.548,-2.005822472551985,-7.2460737214792275,-1.6021865475070973,-104.31221707168902,,
2000-01-01 12:00:01.548,-1.9985687203918072,-7.207266108321622,-1.6075065077593207,-62.38959077750796,,
2000-01-01 12:00:01.548,-1.9749847578965756,-7.19311554181619,-1.6185994762116986,-54.794145451311216,,
2000-01-01 12:00:01.548,-1.9650485264145863,-7.198435168663924,-1.6302026245556032,-40.53227539482451,,
2000-01-01 12:00:01.548,-1.9549622497015369,-7.198052821330877,-1.6192640374112066,-25.70348078021368,,
2000-01-01 12:00:01.548,-1.9487175851884118,-7.177717990015777,-1.6114385212615823,0.748737543983229,,
2000-01-01 12:00:01.548,-1.926761458141262,-7.183108739465395,-1.6025344971480648,7.764172642412611,,
2000-01-01 12:00:01.548,-1.9373063564289186,-7.173616293638838,-1.5942198721521208,14.710509780731876,,
2000-01-01 12:00:01.548,-1.9284438114456905,-7.173853257590469,-1.5920262421773392,15.78518203670785,,
2000-01-01 12:00:01.548,-1.9079758712222108,-7.157446783119744,-1.5984604113187786,18.61477013455934,,
2000-01-01 12:00:01.548,-1.8902917257349032,-7.1372634397684145,-1.5927072232036932,39.20668510586549,,
2000-01-01 12:00:01.548,-1.8909835144167075,-7.12511362812958,-1.583299898307775,58.17804902249559,,
2000-01-01 12:00:01.548,-1.9012663846957836,-7.145316044992653,-1.5742617618988313,68.84240039495442,,
2000-01-01 12:00:01.548,-1.8689939269993803,-7.152144399257618,-1.5473592318535838,87.94294134933428,,
2000-01-01 12:00:01.548,-1.8468255004304108,-7.147597032798384,-1.5476237534536463,120.37135681515211,,
2000-01-01 12:00:01.548,-1.8365230831050936,-7.142871170558024,-1.5719324833409587,113.68477033297611,,
2000-01-01 12:00:01.548,-1.8255799949336757,-7.1444628689305025,-1.5712744050257401,94.69295687000174,,
2000-01-01 12:00:01.548,-1.8095174756221626,-7.150812069128226,-1.587927605785912,82.59484167398111,,
2000-01-01 12:00:01.548,-1.8077252226451088,-7.137444118920895,-1.5624881837104305,95.82583335664889,,
2000-01-01 12:00:01.548,-1.7838143838958433,-7.1236676181513925,-1.5487183593645852,30.0017568957571,,
2000-01-01 12:00:01.548,-1.7497150769848584,-7.120888785273753,-1.5456836511495422,-21.328930669118876,,
2000-01-01 12:00:01.548,-1.7475317940634754,-7.112011114340083,-1.5454737106728496,-29.540760566033455,,
2000-01-01 12:00:01.548,-1.72325627825962,-7.109254969760163,-1.5135629830008992,-12.952451794931562,,
2000-01-01 12:00:01.548,-1.6990159601273176,-7.087437712380805,-1.4952538231825434,3.1226270734784594,,
2000-01-01 12:00:01.548,-1.6818718073706276,-7.046121762163329,-1.5029811011867784,8.569848955508476,,
2000-01-01 12:00:01.548,-1.668759828266166,-7.033491305474432,-1.482810683118133,-4.58740554534223,,
2000-01-01 12:00:01.548,-1.6161173260746617,-7.052179092756,-1.4774565789247,9.748073895353901,,
2000-01-01 12:00:01.548,-1.5842322205521149,-7.0584859180091,-1.4721230610288805,-1.3722040606902708,,
2000-01-01 12:00:01.548,-1.5738740023380655,-7.013482392395756,-1.4628243178328044,2.756553744870795,,
2000-01-01 12:00:01.548,-1.5520885003767892,-6.978432706468474,-1.4510364961672764,11.672536130015798,,
2000-01-01 12:00:01.548,-1.5438448798828301,-6.977239567342677,-1.4525707390575027,22.66950303920917,,
2000-01-01 12:00:01.548,-1.5321040095220455,-6.947904035372113,-1.4320459135552868,33.886252943128085,,
2000-01-01 12:00:01.548,-1.5313774767285944,-6.922368599533735,-1.4294197687782662,47.95720993053107,,
2000-01-01 12:00:01.548,-1.5284972394336764,-6.917344987530693,-1.4169202561033232,49.77866053486147,,
2000-01-01 12:00:01.548,-1.4613678262972423,-6.907236247732462,-1.407890466098812,52.89001608700385,,
2000-01-01 12:00:01.548,-1.4474373469153912,-6.914094583474293,-1.4036883126319875,65.34449044126956,,
2000-01-01 12:00:01.548,-1.4382673596223885,-6.889157440029239,-1.3941724102325481,71.26785364193972,,
2000-01-01 12:00:01.548,-1.398521432844494,-6.833393410311762,-1.3837532388755087,30.799984436486817,,
2000-01-01 12:00:01.548,-1.3958411637423864,-6.841982985763796,-1.365785103546888,33.906895989992925,,
2000-01-01 12:00:01.548,-1.385748037418247,-6.833762215153017,-1.3428638306004712,93.24144210416289,,
2000-01-01 12:00:01.548,-1.377442191128486,-6.800531345904625,-1.328356658405376,110.18372088675186,,
2000-01-01 12:00:01.548,-1.3525201188175218,-6.790540104277733,-1.3115854527623019,53.156591957938396,,
2000-01-01 12:00:01.548,-1.2991126437172638,-6.77534192397612,-1.2905903203491205,38.94381922608209,,
2000-01-01 12:00:01.548,-1.2946824098570004,-6.769271313416122,-1.2747132403687087,53.74939660228711,,
2000-01-01 12:00:01.548,-1.296278177802168,-6.768842743014438,-1.295401024785367,57.338342666714006,,
2000-01-01 12:00:01.548,-1.276372577234785,-6.770220712084888,-1.2947760130340702,41.61127151632513,,
2000-01-01 12:00:01.548,-1.2523977823716994,-6.763108604236763,-1.2821890414545625,22.663447744879527,,
2000-01-01 12:00:01.548,-1.2524871399343391,-6.736508781572366,-1.2816130799304886,15.533749511714802,,
2000-01-01 12:00:01.548,-1.2515772138401788,-6.726636980878062,-1.2699981643309046,13.673811970608574,,
2000-01-01 12:00:01.548,-1.2279325480830143,-6.718269246119446,-1.2721521699503213,7.044101791800253,,
2000-01-01 12:00:01.548,-1.1993200945268143,-6.709644913873272,-1.2280691873121603,-8.398437557950457,,
2000-01-01 12:00:01.548,-1.1978626019969125,-6.687472066268977,-1.2086610116274907,-18.70179607288693,,
2000-01-01 12:00:01.548,-1.1765213333169753,-6.6997084615399976,-1.2213369998849988,-27.16275854075983,,
2000-01-01 12:00:01.548,-1.1700747622295968,-6.68500106586451,-1.2071449889577104,-39.484251446104345,,
2000-01-01 12:00:01.548,-1.1457016196602994,-6.687201053879833,-1.1970756861954235,-57.09664288746618,,
2000-01-01 12:00:01.548,-1.120211572454485,-6.695328809198674,-1.1722083060531676,-67.20349298577341,,
2000-01-01 12:00:01.548,-1.0860483155577747,-6.698538012322581,-1.1624315760613764,-74.30961581737975,,
2000-01-01 12:00:01.548,-1.067526558033216,-6.696621696920298,-1.159465795912703,-86.42255178360182,,
2000-01-01 12:00:01.548,-1.0667281800932207,-6.67109436890799,-1.159700143759629,-86.89419200959034,,
2000-01-01 12:00:01.548,-1.044862443767282,-6.6721409612710145,-1.1769136216154874,-81.50150439523871,,
2000-01-01 12:00:01.548,-1.0292733495927675,-6.669006542720556,-1.147398493769604,-88.76739370997281,,
2000-01-01 12:00:01.548,-1.0176703173796713,-6.68857556079097,-1.139933389408718,-87.95530798342541,,
2000-01-01 12:00:01.548,-0.991104170369996,-6.71775336096375,-1.156969243514829,-82.9074481778208,,
2000-01-01 12:00:01.548,-0.9837912973476052,-6.704223846751206,-1.14405883233798,-101.55452494321172,,
2000-01-01 12:00:01.548,-0.9393838873868936,-6.67479868325028,-1.1123496521719163,-112.807115515887,,
2000-01-01 12:00:01.548,-0.921768451418598,-6.709511111798647,-1.1127774948361646,-86.51555848002126,,
2000-01-01 12:00:01.548,-0.9210981289840253,-6.72183869326309,-1.115422898458962,-80.36934661950484,,
2000-01-01 12:00:01.548,-0.9392777699068037,-6.73132230387586,-1.0909004181459474,-66.85296539116,,
2000-01-01 12:00:01.548,-0.9236702670255368,-6.72183000032071,-1.1067340129415006,-63.65687155112116,,
2000-01-01 12:00:01.548,-0.9088442717973649,-6.739040313934537,-1.0929578516380254,-56.969503304158124,,
2000-01-01 12:00:01.548,-0.8990004370581476,-6.748121881330612,-1.066480312413343,-63.971797877509616,,
2000-01-01 12:00:01.548,-0.8821071218469377,-6.7406167804468815,-1.066359124634982,-58.70345677057204,,
2000-01-01 12:00:01.548,-0.8536622563422841,-6.7380872896634685,-1.0489295840029522,-54.415782470642775,,
2000-01-01 12:00:01.548,-0.8519028723309433,-6.717607894765161,-1.0193386146116437,-48.33891410078842,,
2000-01-01 12:00:01.548,-0.8326746248333576,-6.729175909047244,-1.0375259849643386,-44.703982788463755,,
2000-01-01 12:00:01.548,-0.8037710795703662,-6.723493818374695,-1.03731236541113,-41.47657800857912,,
2000-01-01 12:00:01.548,-0.8043552691498612,-6.703775575570865,-1.0228187481887456,-35.38732106994706,,
2000-01-01 12:00:01.548,-0.7715260314356114,-6.716217301083927,-1.0000535520370961,-34.257999971123134,,
2000-01-01 12:00:01.548,-0.7277938650486795,-6.728945412127158,-1.0039606395399574,-26.713237592129662,,
2000-01-01 12:00:01.548,-0.7035829541089056,-6.73981927915971,-1.0110122449959842,-26.13429071209823,,
2000-01-01 12:00:01.548,-0.6824726136014603,-6.728526781325581,-0.9794339705491707,-29.880261590797353,,
2000-01-01 12:00:01.548,-0.6882389632105134,-6.715100347704533,-0.9559518861484972,-29.265359578072072,,
2000-01-01 12:00:01.548,-0.6979584581423701,-6.7017258355078475,-0.9683056528197527,-24.676683965085367,,
2000-01-01 12:00:01.548,-0.6724457857573884,-6.692737236226717,-0.94258207316197,-18.29142354077215,,
2000-01-01 12:00:01.548,-0.6460245955666459,-6.681737309431256,-0.9217723362875161,-20.685063987376825,,
2000-01-01 12:00:01.548,-0.6378103305551508,-6.682861915797668,-0.9101501057542636,-20.414417906471087,,
2000-01-01 12:00:01.548,-0.6117877647765558,-6.663396378567021,-0.8970392599127706,-15.729531322739167,,
2000-01-01 12:00:01.548,-0.57183592676617,-6.644908127066393,-0.8942593445365792,-3.5785088246575105,,
2000-01-01 12:00:01.548,-0.5419864761754265,-6.6462784924589755,-0.926891274953353,-1.664216407719299,,
2000-01-01 12:00:01.548,-0.5571313491071095,-6.649396217529716,-0.9227789870863887,3.855443909165422,,
2000-01-01 12:00:01.548,-0.5434949761555579,-6.658601336697649,-0.8972920341140865,3.0507271555859425,,
2000-01-01 12:00:01.548,-0.49697860530968163,-6.634684843635916,-0.8776089487891169,8.02656045870051,,
2000-01-01 12:00:01.548,-0.491592011121634,-6.628700920921873,-0.8533310804315193,7.293959229763965,,
2000-01-01 12:00:01.548,-0.4670421978859901,-6.646455745032529,-0.8323689360295036,8.691981922201947,,
2000-01-01 12:00:01.548,-0.46848658836956786,-6.649635741301388,-0.8207068494455326,12.799043505409019,,
2000-01-01 12:00:01.548,-0.45700754547945205,-6.588275704527458,-0.816187752656844,16.588919591241044,,
2000-01-01 12:00:01.548,-0.44555211031268543,-6.5520429449415465,-0.826741111974036,23.51044575000455,,
2000-01-01 12:00:01.548,-0.4305694042258958,-6.549780463492513,-0.8285189799685219,19.77735663270717,,
2000-01-01 12:00:01.548,-0.4430650781263921,-6.521802855065804,-0.821825661910218,18.324094064047316,,
2000-01-01 12:00:01.548,-0.42180622791203953,-6.529455682549082,-0.8181592774344897,15.527436122303024,,
2000-01-01 12:00:01.548,-0.39825541196751724,-6.531101846161911,-0.815987663437115,7.548086402973495,,
2000-01-01 12:00:01.548,-0.3776347532788565,-6.502900562252264,-0.8101446413887302,4.288964999179695,,
2000-01-01 12:00:01.548,-0.3509628155508384,-6.4795001953351345,-0.8114699150465224,0.3470712967086407,,
2000-01-01 12:00:01.548,-0.3366608112570579,-6.4802996956660275,-0.8278056838710522,1.8973172366558975,,
2000-01-01 12:00:01.548,-0.3310432976251711,-6.468801388458262,-0.825906437537418,-1.4050534422776502,,
2000-01-01 12:00:01.548,-0.3559958024075263,-6.470791661163828,-0.8195697315749956,-5.8460679056544675,,
2000-01-01 12:00:01.548,-0.36344481208558366,-6.447396645215545,-0.8258817031869272,-13.57814611498857,,
2000-01-01 12:00:01.548,-0.3716824448028535,-6.449751561875509,-0.8304331338807228,-7.703595407947049,,
2000-01-01 12:00:01.548,-0.36097568676623043,-6.458240785803842,-0.8241875936115388,-1.5438444276982006,,
2000-01-01 12:00:01.548,-0.33759479565954503,-6.43912496701082,-0.8124848644364887,-5.371825609238524,,
2000-01-01 12:00:01.548,-0.3466055059132382,-6.421145002943976,-0.7935770691720861,-4.8715423322601925,,
2000-01-01 12:00:01.548,-0.3590593029362029,-6.435010617656367,-0.8006904507468792,-5.610721352930434,,
2000-01-01 12:00:01.548,-0.34439720669166707,-6.41879153196027,-0.7884085559760757,-5.820477107301076,,
2000-01-01 12:00:01.548,-0.358746805305258,-6.397155312063259,-0.7980496105971674,-1.8196399893229405,,
2000-01-01 12:00:01.548,-0.3777505090992045,-6.405361900707687,-0.8121110723806328,-0.8138946090700951,,
2000-01-01 12:00:01.548,-0.3691730014002355,-6.419744610152251,-0.8080893036699281,-5.224240709531226,,
2000-01-01 12:00:01.548,-0.3595351569967625,-6.436029464701622,-0.819718898645212,-4.733469346542307,,
2000-01-01 12:00:01.548,-0.34963049744755614,-6.43476627812199,-0.8332857308020734,-7.71399057312591,,
2000-01-01 12:00:01.548,-0.3851351913986978,-6.4174410137078075,-0.8271669559631539,-9.47870030783492,,
2000-01-01 12:00:01.548,-0.4083464971862251,-6.378583451775391,-0.8350459810593043,-15.134348711599378,,
2000-01-01 12:00:01.548,-0.4406297314539311,-6.38871274964214,-0.8531507255668852,-17.376141196700072,,
2000-01-01 12:00:01.548,-0.44858568543546623,-6.3828288165098765,-0.8497112579944118,-16.332394819962598,,
2000-01-01 12:00:01.548,-0.47874228943790814,-6.382891270095399,-0.8565254512865463,-10.963116866974818,,
2000-01-01 12:00:01.548,-0.4608090122053642,-6.420964989890684,-0.8657708259543113,-17.89476305395222,,
2000-01-01 12:00:01.548,-0.44817578909243333,-6.413229750617886,-0.8495012584243384,-19.081714150437858,,
2000-01-01 12:00:01.548,-0.4585029798684993,-6.391804333161633,-0.8683559782893543,-21.46271258639734,,
2000-01-01 12:00:01.548,-0.4644280248850908,-6.378389552873126,-0.8802121992428743,-20.039141588927404,,
2000-01-01 12:00:01.548,-0.4646818434401441,-6.389205503223299,-0.8758786398011134,-22.692218710776405,,
2000-01-01 12:00:01.548,-0.46891006196851864,-6.3768724445434035,-0.8740851013892718,-23.73644106070673,,
2000-01-01 12:00:01.548,-0.4670557325091335,-6.393034999768754,-0.8789417000761393,-29.68179730245145,,
2000-01-01 12:00:01.548,-0.45205195714783175,-6.428400060286048,-0.8839370396890196,-25.82706851428249,,
2000-01-01 12:00:01.548,-0.44307527113696726,-6.416389622573876,-0.8622923016259458,-17.38652266208321,,
2000-01-01 12:00:01.548,-0.4301185771001548,-6.38333163249388,-0.8386670588036208,-9.030942790204394,,
2000-01-01 12:00:01.548,-0.4313955883643352,-6.353880989400995,-0.8485753670879211,-11.61528139556707,,
2000-01-01 12:00:01.548,-0.4190421911096067,-6.33446979355943,-0.846224087262574,2.223904105577938,,
2000-01-01 12:00:01.548,-0.39771339194940675,-6.34705039987195,-0.8230061862430199,13.736976106821936,,
2000-01-01 12:00:01.548,-0.36765263142284205,-6.329108959580974,-0.8358465649016634,7.484006235377644,,
2000-01-01 12:00:01.548,-0.3518225656677089,-6.342560903805369,-0.8491865860043153,2.92894676502506,,
2000-01-01 12:00:01.548,-0.3407783661220853,-6.338862535798769,-0.8304985399627679,11.100713706719025,,
2000-01-01 12:00:01.548,-0.3140124726005566,-6.321476842090714,-0.8262651268881523,15.680318224149662,,
2000-01-01 12:00:01.548,-0.2925054766192363,-6.265134653749453,-0.7988043451537464,20.327670483958656,,
2000-01-01 12:00:01.548,-0.2542686876049392,-6.229701334080588,-0.784233896505382,9.607687743046787,,
2000-01-01 12:00:01.548,-0.22446194991756271,-6.235703687499838,-0.7906641768386372,-5.03782081032127,,
2000-01-01 12:00:01.548,-0.188566867786679,-6.2051459571675895,-0.759858808313602,-6.190426912254704,,
2000-01-01 12:00:01.548,-0.1946568077252669,-6.175364240916648,-0.7349140568848053,-4.744154841998731,,
2000-01-01 12:00:01.548,-0.16055731964661926,-6.182708034486135,-0.7325638757535899,-13.139511912486327,,
2000-01-01 12:00:01.548,-0.10281519085258792,-6.151883219654173,-0.7467695922629161,-14.615869672868534,,
2000-01-01 12:00:01.548,-0.0906573505478874,-6.118883750273073,-0.739040684314067,-3.309897327921503,,
2000-01-01 12:00:01.548,-0.06754654113979164,-6.093259227681944,-0.7232861706761361,0.8309530653350876,,
2000-01-01 12:00:01.548,-0.047126255862828446,-6.065310662466911,-0.7153889125124236,1.012467488773851,,
2000-01-01 12:00:01.548,-0.02361759493211997,-6.049018233707184,-0.7018448282574907,-12.256499170385645,,
2000-01-01 12:00:01.548,0.007137616629667273,-6.052067224262187,-0.7037190094695163,-13.990328956634656,,
2000-01-01 12:00:01.548,0.02747152065857824,-6.02430903843908,-0.6954268906679536,-14.472097976876384,,
2000-01-01 12:00:01.548,0.07423838383738694,-6.010590069802344,-0.6852392232326514,-12.014528440172663,,
2000-01-01 12:00:01.548,0.10975457255773939,-6.000815198103076,-0.6471467067950273,-21.311603827237604,,
2000-01-01 12:00:01.548,0.09771762413695403,-5.96496577925713,-0.6435958448674406,-24.77287075879239,,
2000-01-01 12:00:01.548,0.11035859251947289,-5.947775818236795,-0.6370638183212886,-24.14825505839951,,
2000-01-01 12:00:01.548,0.1468124002658428,-5.927658583656325,-0.6268084154775411,-14.58732350644067,,
2000-01-01 12:00:01.548,0.17844593276678536,-5.913466818079561,-0.6142692512173856,-18.28313817205827,,
2000-01-01 12:00:01.548,0.1938943897575479,-5.894429363049794,-0.6342534863948543,-23.952209953910383,,
2000-01-01 12:00:01.548,0.20483753018521417,-5.88004402369495,-0.646976399198244,-22.182621466783445,,
2000-01-01 12:00:01.548,0.20909133605398803,-5.889820130833826,-0.6132104808460416,-2.086164010365263,,
2000-01-01 12:00:01.548,0.23841336955985615,-5.906425187327557,-0.6093315075094997,8.091937567032437,,
2000-01-01 12:00:01.548,0.25434502977378237,-5.89511720364538,-0.6155492607632649,8.824982921971866,,
2000-01-01 12:00:01.548,0.26670696482158074,-5.858250861894354,-0.6094087204984312,15.86452381834121,,
2000-01-01 12:00:01.548,0.28173559731140985,-5.8749644795841345,-0.6358215825270684,23.855921699508833,,
2000-01-01 12:00:01.548,0.27675928442709374,-5.845904298423201,-0.6150915399783548,31.28150972615523,,
2000-01-01 12:00:01.548,0.2842951264161753,-5.804694343961648,-0.5666032368714401,10.59522473062557,,
2000-01-01 12:00:01.548,0.2921416072864942,-5.799847771797804,-0.5935821226680816,0.965886295511003,,
2000-01-01 12:00:01.548,0.30754076188015345,-5.784607840263548,-0.5773538689569502,2.1112329325421326,,
2000-01-01 12:00:01.548,0.3098759519522793,-5.789141844031584,-0.5810807545051343,13.593886077376535,,
2000-01-01 12:00:01.548,0.30862194074984733,-5.789448568212913,-0.5821115126037619,14.913364751673862,,
2000-01-01 12:00:01.548,0.3097180704795198,-5.767416258689906,-0.5948966067588956,9.726892449131402,,
2000-01-01 12:00:01.548,0.31366350235461576,-5.750234311941754,-0.5946397751333857,10.39682705500476,,
2000-01-01 12:00:01.548,0.3213335012154328,-5.715725102736992,-0.588590639587201,24.175718625259705,,
2000-01-01 12:00:01.548,0.29251943334078406,-5.718792099094877,-0.5932145801073684,31.109801934527052,,
2000-01-01 12:00:01.548,0.28877449327611626,-5.737332760349242,-0.609432242064113,30.460567109525424,,
