,DN_km
2019-01-27 12:15:02+00:00,
2019-01-27 12:15:03+00:00,
2019-01-27 12:15:04+00:00,
2019-01-27 12:15:05+00:00,
2019-01-27 12:15:06+00:00,
2019-01-27 12:15:07+00:00,
2019-01-27 12:15:08+00:00,
2019-01-27 12:15:09+00:00,
2019-01-27 12:15:10+00:00,
2019-01-27 12:15:11+00:00,
2019-01-27 12:15:12+00:00,
2019-01-27 12:15:13+00:00,
2019-01-27 12:15:14+00:00,
2019-01-27 12:15:15+00:00,
2019-01-27 12:15:16+00:00,
2019-01-27 12:15:17+00:00,
2019-01-27 12:15:18+00:00,
2019-01-27 12:15:19+00:00,
2019-01-27 12:15:20+00:00,
2019-01-27 12:15:21+00:00,
2019-01-27 12:15:22+00:00,
2019-01-27 12:15:23+00:00,
2019-01-27 12:15:24+00:00,
2019-01-27 12:15:25+00:00,
2019-01-27 12:15:26+00:00,
2019-01-27 12:15:27+00:00,
2019-01-27 12:15:28+00:00,
2019-01-27 12:15:29+00:00,
2019-01-27 12:15:30+00:00,
2019-01-27 12:15:31+00:00,
2019-01-27 12:15:32+00:00,
2019-01-27 12:15:33+00:00,
2019-01-27 12:15:34+00:00,
2019-01-27 12:15:35+00:00,
2019-01-27 12:15:36+00:00,
2019-01-27 12:15:37+00:00,
2019-01-27 12:15:38+00:00,
2019-01-27 12:15:39+00:00,
2019-01-27 12:15:40+00:00,
2019-01-27 12:15:41+00:00,
2019-01-27 12:15:42+00:00,
2019-01-27 12:15:43+00:00,
2019-01-27 12:15:44+00:00,
2019-01-27 12:15:45+00:00,
2019-01-27 12:15:46+00:00,
2019-01-27 12:15:47+00:00,
2019-01-27 12:15:48+00:00,
2019-01-27 12:15:49+00:00,
2019-01-27 12:15:50+00:00,
2019-01-27 12:15:51+00:00,
2019-01-27 12:15:52+00:00,
2019-01-27 12:15:53+00:00,
2019-01-27 12:15:54+00:00,
2019-01-27 12:15:55+00:00,
2019-01-27 12:15:56+00:00,
2019-01-27 12:15:57+00:00,
2019-01-27 12:15:58+00:00,
2019-01-27 12:15:59+00:00,
2019-01-27 12:16:00+00:00,
2019-01-27 12:16:01+00:00,
2019-01-27 12:16:02+00:00,
2019-01-27 12:16:03+00:00,
2019-01-27 12:16:04+00:00,
2019-01-27 12:16:05+00:00,
2019-01-27 12:16:06+00:00,
2019-01-27 12:16:07+00:00,
2019-01-27 12:16:08+00:00,
2019-01-27 12:16:09+00:00,
2019-01-27 12:16:10+00:00,
2019-01-27 12:16:11+00:00,
2019-01-27 12:16:12+00:00,
2019-01-27 12:16:13+00:00,
2019-01-27 12:16:14+00:00,
2019-01-27 12:16:15+00:00,
2019-01-27 12:16:16+00:00,
2019-01-27 12:16:17+00:00,
2019-01-27 12:16:18+00:00,
2019-01-27 12:16:19+00:00,
2019-01-27 12:16:20+00:00,
2019-01-27 12:16:21+00:00,
2019-01-27 12:16:22+00:00,
2019-01-27 12:16:23+00:00,
2019-01-27 12:16:24+00:00,
2019-01-27 12:16:25+00:00,
2019-01-27 12:16:26+00:00,
2019-01-27 12:16:27+00:00,
2019-01-27 12:16:28+00:00,
2019-01-27 12:16:29+00:00,
2019-01-27 12:16:30+00:00,
2019-01-27 12:16:31+00:00,
2019-01-27 12:16:32+00:00,
2019-01-27 12:16:33+00:00,
2019-01-27 12:16:34+00:00,
2019-01-27 12:16:35+00:00,
2019-01-27 12:16:36+00:00,
2019-01-27 12:16:37+00:00,
2019-01-27 12:16:38+00:00,
2019-01-27 12:16:39+00:00,
2019-01-27 12:16:40+00:00,
2019-01-27 12:16:41+00:00,
2019-01-27 12:16:42+00:00,
2019-01-27 12:16:43+00:00,
2019-01-27 12:16:44+00:00,
2019-01-27 12:16:45+00:00,
2019-01-27 12:16:46+00:00,
2019-01-27 12:16:47+00:00,
2019-01-27 12:16:48+00:00,
2019-01-27 12:16:49+00:00,
2019-01-27 12:16:50+00:00,
2019-01-27 12:16:51+00:00,
2019-01-27 12:16:52+00:00,
2019-01-27 12:16:53+00:00,
2019-01-27 12:16:54+00:00,
2019-01-27 12:16:55+00:00,
2019-01-27 12:16:56+00:00,
2019-01-27 12:16:57+00:00,
2019-01-27 12:16:58+00:00,
2019-01-27 12:16:59+00:00,
2019-01-27 12:17:00+00:00,
2019-01-27 12:17:01+00:00,
2019-01-27 12:17:02+00:00,
2019-01-27 12:17:03+00:00,
2019-01-27 12:17:04+00:00,
2019-01-27 12:17:05+00:00,
2019-01-27 12:17:06+00:00,
2019-01-27 12:17:07+00:00,
2019-01-27 12:17:08+00:00,
2019-01-27 12:17:09+00:00,
2019-01-27 12:17:10+00:00,
2019-01-27 12:17:11+00:00,
2019-01-27 12:17:12+00:00,
2019-01-27 12:17:13+00:00,
2019-01-27 12:17:14+00:00,
2019-01-27 12:17:15+00:00,
2019-01-27 12:17:16+00:00,
2019-01-27 12:17:17+00:00,
2019-01-27 12:17:18+00:00,
2019-01-27 12:17:19+00:00,
2019-01-27 12:17:20+00:00,
2019-01-27 12:17:21+00:00,
2019-01-27 12:17:22+00:00,
2019-01-27 12:17:23+00:00,
2019-01-27 12:17:24+00:00,
2019-01-27 12:17:25+00:00,
2019-01-27 12:17:26+00:00,
2019-01-27 12:17:27+00:00,
2019-01-27 12:17:28+00:00,
2019-01-27 12:17:29+00:00,
2019-01-27 12:17:30+00:00,
2019-01-27 12:17:31+00:00,
2019-01-27 12:17:32+00:00,
2019-01-27 12:17:33+00:00,
2019-01-27 12:17:34+00:00,
2019-01-27 12:17:35+00:00,
2019-01-27 12:17:36+00:00,
2019-01-27 12:17:37+00:00,
2019-01-27 12:17:38+00:00,
2019-01-27 12:17:39+00:00,
2019-01-27 12:17:40+00:00,
2019-01-27 12:17:41+00:00,
2019-01-27 12:17:42+00:00,
2019-01-27 12:17:43+00:00,
2019-01-27 12:17:44+00:00,
2019-01-27 12:17:45+00:00,
2019-01-27 12:17:46+00:00,
2019-01-27 12:17:47+00:00,
2019-01-27 12:17:48+00:00,
2019-01-27 12:17:49+00:00,
2019-01-27 12:17:50+00:00,
2019-01-27 12:17:51+00:00,
2019-01-27 12:17:52+00:00,
2019-01-27 12:17:53+00:00,
2019-01-27 12:17:54+00:00,
2019-01-27 12:17:55+00:00,
2019-01-27 12:17:56+00:00,
2019-01-27 12:17:57+00:00,
2019-01-27 12:17:58+00:00,
2019-01-27 12:17:59+00:00,
2019-01-27 12:18:00+00:00,
2019-01-27 12:18:01+00:00,
2019-01-27 12:18:02+00:00,
2019-01-27 12:18:03+00:00,
2019-01-27 12:18:04+00:00,
2019-01-27 12:18:05+00:00,
2019-01-27 12:18:06+00:00,
2019-01-27 12:18:07+00:00,
2019-01-27 12:18:08+00:00,
2019-01-27 12:18:09+00:00,
2019-01-27 12:18:10+00:00,
2019-01-27 12:18:11+00:00,
2019-01-27 12:18:12+00:00,
2019-01-27 12:18:13+00:00,
2019-01-27 12:18:14+00:00,
2019-01-27 12:18:15+00:00,
2019-01-27 12:18:16+00:00,
2019-01-27 12:18:17+00:00,
2019-01-27 12:18:18+00:00,
2019-01-27 12:18:19+00:00,
2019-01-27 12:18:20+00:00,
2019-01-27 12:18:21+00:00,
2019-01-27 12:18:22+00:00,
2019-01-27 12:18:23+00:00,
2019-01-27 12:18:24+00:00,
2019-01-27 12:18:25+00:00,
2019-01-27 12:18:26+00:00,
2019-01-27 12:18:27+00:00,
2019-01-27 12:18:28+00:00,
2019-01-27 12:18:29+00:00,
2019-01-27 12:18:30+00:00,
2019-01-27 12:18:31+00:00,
2019-01-27 12:18:32+00:00,
2019-01-27 12:18:33+00:00,
2019-01-27 12:18:34+00:00,
2019-01-27 12:18:35+00:00,
2019-01-27 12:18:36+00:00,
2019-01-27 12:18:37+00:00,
2019-01-27 12:18:38+00:00,
2019-01-27 12:18:39+00:00,
2019-01-27 12:18:40+00:00,
2019-01-27 12:18:41+00:00,
2019-01-27 12:18:42+00:00,
2019-01-27 12:18:43+00:00,
2019-01-27 12:18:44+00:00,
2019-01-27 12:18:45+00:00,
2019-01-27 12:18:46+00:00,
2019-01-27 12:18:47+00:00,
2019-01-27 12:18:48+00:00,
2019-01-27 12:18:49+00:00,
2019-01-27 12:18:50+00:00,
2019-01-27 12:18:51+00:00,
2019-01-27 12:18:52+00:00,
2019-01-27 12:18:53+00:00,
2019-01-27 12:18:54+00:00,
2019-01-27 12:18:55+00:00,
2019-01-27 12:18:56+00:00,
2019-01-27 12:18:57+00:00,
2019-01-27 12:18:58+00:00,
2019-01-27 12:18:59+00:00,
2019-01-27 12:19:00+00:00,
2019-01-27 12:19:01+00:00,
2019-01-27 12:19:02+00:00,
2019-01-27 12:19:03+00:00,
2019-01-27 12:19:04+00:00,
2019-01-27 12:19:05+00:00,
2019-01-27 12:19:06+00:00,
2019-01-27 12:19:07+00:00,
2019-01-27 12:19:08+00:00,
2019-01-27 12:19:09+00:00,
2019-01-27 12:19:10+00:00,
2019-01-27 12:19:11+00:00,
2019-01-27 12:19:12+00:00,
2019-01-27 12:19:13+00:00,
2019-01-27 12:19:14+00:00,
2019-01-27 12:19:15+00:00,
2019-01-27 12:19:16+00:00,
2019-01-27 12:19:17+00:00,
2019-01-27 12:19:18+00:00,
2019-01-27 12:19:19+00:00,
2019-01-27 12:19:20+00:00,
2019-01-27 12:19:21+00:00,
2019-01-27 12:19:22+00:00,
2019-01-27 12:19:23+00:00,
2019-01-27 12:19:24+00:00,
2019-01-27 12:19:25+00:00,
2019-01-27 12:19:26+00:00,
2019-01-27 12:19:27+00:00,
2019-01-27 12:19:28+00:00,
2019-01-27 12:19:29+00:00,
2019-01-27 12:19:30+00:00,
2019-01-27 12:19:31+00:00,
2019-01-27 12:19:32+00:00,
2019-01-27 12:19:33+00:00,
2019-01-27 12:19:34+00:00,
2019-01-27 12:19:35+00:00,
2019-01-27 12:19:36+00:00,
2019-01-27 12:19:37+00:00,
2019-01-27 12:19:38+00:00,
2019-01-27 12:19:39+00:00,
2019-01-27 12:19:40+00:00,
2019-01-27 12:19:41+00:00,
2019-01-27 12:19:42+00:00,
2019-01-27 12:19:43+00:00,
2019-01-27 12:19:44+00:00,
2019-01-27 12:19:45+00:00,
2019-01-27 12:19:46+00:00,
2019-01-27 12:19:47+00:00,
2019-01-27 12:19:48+00:00,
2019-01-27 12:19:49+00:00,
2019-01-27 12:19:50+00:00,
2019-01-27 12:19:51+00:00,
2019-01-27 12:19:52+00:00,
2019-01-27 12:19:53+00:00,
2019-01-27 12:19:54+00:00,
2019-01-27 12:19:55+00:00,
2019-01-27 12:19:56+00:00,
2019-01-27 12:19:57+00:00,
2019-01-27 12:19:58+00:00,
2019-01-27 12:19:59+00:00,
2019-01-27 12:20:00+00:00,
2019-01-27 12:20:01+00:00,
2019-01-27 12:20:02+00:00,
2019-01-27 12:20:03+00:00,
2019-01-27 12:20:04+00:00,
2019-01-27 12:20:05+00:00,
2019-01-27 12:20:06+00:00,
2019-01-27 12:20:07+00:00,
2019-01-27 12:20:08+00:00,
2019-01-27 12:20:09+00:00,
2019-01-27 12:20:10+00:00,
2019-01-27 12:20:11+00:00,
2019-01-27 12:20:12+00:00,
2019-01-27 12:20:13+00:00,
2019-01-27 12:20:14+00:00,
2019-01-27 12:20:15+00:00,
2019-01-27 12:20:16+00:00,
2019-01-27 12:20:17+00:00,
2019-01-27 12:20:18+00:00,
2019-01-27 12:20:19+00:00,
2019-01-27 12:20:20+00:00,
2019-01-27 12:20:21+00:00,
2019-01-27 12:20:22+00:00,
2019-01-27 12:20:23+00:00,
2019-01-27 12:20:24+00:00,
2019-01-27 12:20:25+00:00,
2019-01-27 12:20:26+00:00,
2019-01-27 12:20:27+00:00,
2019-01-27 12:20:28+00:00,
2019-01-27 12:20:29+00:00,
2019-01-27 12:20:30+00:00,
2019-01-27 12:20:31+00:00,
2019-01-27 12:20:32+00:00,
2019-01-27 12:20:33+00:00,
2019-01-27 12:20:34+00:00,
2019-01-27 12:20:35+00:00,
2019-01-27 12:20:36+00:00,
2019-01-27 12:20:37+00:00,
2019-01-27 12:20:38+00:00,
2019-01-27 12:20:39+00:00,
2019-01-27 12:20:40+00:00,
2019-01-27 12:20:41+00:00,
2019-01-27 12:20:42+00:00,
2019-01-27 12:20:43+00:00,
2019-01-27 12:20:44+00:00,
2019-01-27 12:20:45+00:00,
2019-01-27 12:20:46+00:00,
2019-01-27 12:20:47+00:00,
2019-01-27 12:20:48+00:00,
2019-01-27 12:20:49+00:00,
2019-01-27 12:20:50+00:00,
2019-01-27 12:20:51+00:00,
2019-01-27 12:20:52+00:00,
2019-01-27 12:20:53+00:00,
2019-01-27 12:20:54+00:00,
2019-01-27 12:20:55+00:00,
2019-01-27 12:20:56+00:00,
2019-01-27 12:20:57+00:00,
2019-01-27 12:20:58+00:00,
2019-01-27 12:20:59+00:00,
2019-01-27 12:21:00+00:00,
2019-01-27 12:21:01+00:00,
2019-01-27 12:21:02+00:00,
2019-01-27 12:21:03+00:00,
2019-01-27 12:21:04+00:00,
2019-01-27 12:21:05+00:00,
2019-01-27 12:21:06+00:00,
2019-01-27 12:21:07+00:00,
2019-01-27 12:21:08+00:00,
2019-01-27 12:21:09+00:00,
2019-01-27 12:21:10+00:00,
2019-01-27 12:21:11+00:00,
2019-01-27 12:21:12+00:00,
2019-01-27 12:21:13+00:00,
2019-01-27 12:21:14+00:00,
2019-01-27 12:21:15+00:00,
2019-01-27 12:21:16+00:00,
2019-01-27 12:21:17+00:00,
2019-01-27 12:21:18+00:00,
2019-01-27 12:21:19+00:00,
2019-01-27 12:21:20+00:00,
2019-01-27 12:21:21+00:00,
2019-01-27 12:21:22+00:00,
2019-01-27 12:21:23+00:00,
2019-01-27 12:21:24+00:00,
2019-01-27 12:21:25+00:00,
2019-01-27 12:21:26+00:00,
2019-01-27 12:21:27+00:00,
2019-01-27 12:21:28+00:00,
2019-01-27 12:21:29+00:00,
2019-01-27 12:21:30+00:00,
2019-01-27 12:21:31+00:00,
2019-01-27 12:21:32+00:00,
2019-01-27 12:21:33+00:00,
2019-01-27 12:21:34+00:00,
2019-01-27 12:21:35+00:00,
2019-01-27 12:21:36+00:00,
2019-01-27 12:21:37+00:00,
2019-01-27 12:21:38+00:00,
2019-01-27 12:21:39+00:00,
2019-01-27 12:21:40+00:00,
2019-01-27 12:21:41+00:00,
2019-01-27 12:21:42+00:00,
2019-01-27 12:21:43+00:00,
2019-01-27 12:21:44+00:00,
2019-01-27 12:21:45+00:00,
2019-01-27 12:21:46+00:00,
2019-01-27 12:21:47+00:00,
2019-01-27 12:21:48+00:00,
2019-01-27 12:21:49+00:00,
2019-01-27 12:21:50+00:00,
2019-01-27 12:21:51+00:00,
2019-01-27 12:21:52+00:00,
2019-01-27 12:21:53+00:00,
2019-01-27 12:21:54+00:00,
2019-01-27 12:21:55+00:00,
2019-01-27 12:21:56+00:00,
2019-01-27 12:21:57+00:00,
2019-01-27 12:21:58+00:00,
2019-01-27 12:21:59+00:00,
2019-01-27 12:22:00+00:00,
2019-01-27 12:22:01+00:00,
2019-01-27 12:22:02+00:00,
2019-01-27 12:22:03+00:00,
2019-01-27 12:22:04+00:00,
2019-01-27 12:22:05+00:00,
2019-01-27 12:22:06+00:00,
2019-01-27 12:22:07+00:00,
2019-01-27 12:22:08+00:00,
2019-01-27 12:22:09+00:00,
2019-01-27 12:22:10+00:00,
2019-01-27 12:22:11+00:00,
2019-01-27 12:22:12+00:00,
2019-01-27 12:22:13+00:00,
2019-01-27 12:22:14+00:00,
2019-01-27 12:22:15+00:00,
2019-01-27 12:22:16+00:00,
2019-01-27 12:22:17+00:00,
2019-01-27 12:22:18+00:00,
2019-01-27 12:22:19+00:00,
2019-01-27 12:22:20+00:00,
2019-01-27 12:22:21+00:00,
2019-01-27 12:22:22+00:00,
2019-01-27 12:22:23+00:00,
2019-01-27 12:22:24+00:00,
2019-01-27 12:22:25+00:00,
2019-01-27 12:22:26+00:00,
2019-01-27 12:22:27+00:00,
2019-01-27 12:22:28+00:00,
2019-01-27 12:22:29+00:00,
2019-01-27 12:22:30+00:00,
2019-01-27 12:22:31+00:00,
2019-01-27 12:22:32+00:00,
2019-01-27 12:22:33+00:00,
2019-01-27 12:22:34+00:00,
2019-01-27 12:22:35+00:00,
2019-01-27 12:22:36+00:00,
2019-01-27 12:22:37+00:00,
2019-01-27 12:22:38+00:00,
2019-01-27 12:22:39+00:00,
2019-01-27 12:22:40+00:00,
2019-01-27 12:22:41+00:00,
2019-01-27 12:22:42+00:00,
2019-01-27 12:22:43+00:00,
2019-01-27 12:22:44+00:00,
2019-01-27 12:22:45+00:00,
2019-01-27 12:22:46+00:00,
2019-01-27 12:22:47+00:00,
2019-01-27 12:22:48+00:00,
2019-01-27 12:22:49+00:00,
2019-01-27 12:22:50+00:00,
2019-01-27 12:22:51+00:00,
2019-01-27 12:22:52+00:00,
2019-01-27 12:22:53+00:00,
2019-01-27 12:22:54+00:00,
2019-01-27 12:22:55+00:00,
2019-01-27 12:22:56+00:00,
2019-01-27 12:22:57+00:00,
2019-01-27 12:22:58+00:00,
2019-01-27 12:22:59+00:00,
2019-01-27 12:23:00+00:00,
2019-01-27 12:23:01+00:00,
2019-01-27 12:23:02+00:00,
2019-01-27 12:23:03+00:00,
2019-01-27 12:23:04+00:00,
2019-01-27 12:23:05+00:00,
2019-01-27 12:23:06+00:00,
2019-01-27 12:23:07+00:00,
2019-01-27 12:23:08+00:00,
2019-01-27 12:23:09+00:00,
2019-01-27 12:23:10+00:00,
2019-01-27 12:23:11+00:00,
2019-01-27 12:23:12+00:00,
2019-01-27 12:23:13+00:00,
2019-01-27 12:23:14+00:00,
2019-01-27 12:23:15+00:00,
2019-01-27 12:23:16+00:00,
2019-01-27 12:23:17+00:00,
2019-01-27 12:23:18+00:00,
2019-01-27 12:23:19+00:00,
2019-01-27 12:23:20+00:00,
2019-01-27 12:23:21+00:00,
2019-01-27 12:23:22+00:00,
2019-01-27 12:23:23+00:00,
2019-01-27 12:23:24+00:00,
2019-01-27 12:23:25+00:00,
2019-01-27 12:23:26+00:00,
2019-01-27 12:23:27+00:00,
2019-01-27 12:23:28+00:00,
2019-01-27 12:23:29+00:00,
2019-01-27 12:23:30+00:00,
2019-01-27 12:23:31+00:00,
2019-01-27 12:23:32+00:00,
2019-01-27 12:23:33+00:00,
2019-01-27 12:23:34+00:00,
2019-01-27 12:23:35+00:00,
2019-01-27 12:23:36+00:00,
2019-01-27 12:23:37+00:00,
2019-01-27 12:23:38+00:00,
2019-01-27 12:23:39+00:00,
2019-01-27 12:23:40+00:00,
2019-01-27 12:23:41+00:00,
2019-01-27 12:23:42+00:00,
2019-01-27 12:23:43+00:00,
2019-01-27 12:23:44+00:00,
2019-01-27 12:23:45+00:00,
2019-01-27 12:23:46+00:00,
2019-01-27 12:23:47+00:00,
2019-01-27 12:23:48+00:00,
2019-01-27 12:23:49+00:00,
2019-01-27 12:23:50+00:00,
2019-01-27 12:23:51+00:00,
2019-01-27 12:23:52+00:00,
2019-01-27 12:23:53+00:00,
2019-01-27 12:23:54+00:00,
2019-01-27 12:23:55+00:00,
2019-01-27 12:23:56+00:00,
2019-01-27 12:23:57+00:00,
2019-01-27 12:23:58+00:00,
2019-01-27 12:23:59+00:00,
2019-01-27 12:24:00+00:00,
2019-01-27 12:24:01+00:00,
2019-01-27 12:24:02+00:00,
2019-01-27 12:24:03+00:00,
2019-01-27 12:24:04+00:00,
2019-01-27 12:24:05+00:00,
2019-01-27 12:24:06+00:00,
2019-01-27 12:24:07+00:00,
2019-01-27 12:24:08+00:00,
2019-01-27 12:24:09+00:00,
2019-01-27 12:24:10+00:00,
2019-01-27 12:24:11+00:00,
2019-01-27 12:24:12+00:00,
2019-01-27 12:24:13+00:00,
2019-01-27 12:24:14+00:00,
2019-01-27 12:24:15+00:00,
2019-01-27 12:24:16+00:00,
2019-01-27 12:24:17+00:00,
2019-01-27 12:24:18+00:00,
2019-01-27 12:24:19+00:00,
2019-01-27 12:24:20+00:00,
2019-01-27 12:24:21+00:00,
2019-01-27 12:24:22+00:00,
2019-01-27 12:24:23+00:00,
2019-01-27 12:24:24+00:00,
2019-01-27 12:24:25+00:00,
2019-01-27 12:24:26+00:00,
2019-01-27 12:24:27+00:00,
2019-01-27 12:24:28+00:00,
2019-01-27 12:24:29+00:00,
2019-01-27 12:24:30+00:00,
2019-01-27 12:24:31+00:00,
2019-01-27 12:24:32+00:00,
2019-01-27 12:24:33+00:00,
2019-01-27 12:24:34+00:00,
2019-01-27 12:24:35+00:00,
2019-01-27 12:24:36+00:00,
2019-01-27 12:24:37+00:00,
2019-01-27 12:24:38+00:00,
2019-01-27 12:24:39+00:00,
2019-01-27 12:24:40+00:00,
2019-01-27 12:24:41+00:00,
2019-01-27 12:24:42+00:00,
2019-01-27 12:24:43+00:00,
2019-01-27 12:24:44+00:00,
2019-01-27 12:24:45+00:00,
2019-01-27 12:24:46+00:00,
2019-01-27 12:24:47+00:00,
2019-01-27 12:24:48+00:00,
2019-01-27 12:24:49+00:00,
2019-01-27 12:24:50+00:00,
2019-01-27 12:24:51+00:00,
2019-01-27 12:24:52+00:00,
2019-01-27 12:24:53+00:00,
2019-01-27 12:24:54+00:00,
2019-01-27 12:24:55+00:00,
2019-01-27 12:24:56+00:00,
2019-01-27 12:24:57+00:00,
2019-01-27 12:24:58+00:00,
2019-01-27 12:24:59+00:00,
2019-01-27 12:25:00+00:00,
2019-01-27 12:25:01+00:00,
2019-01-27 12:25:02+00:00,
2019-01-27 12:25:03+00:00,
2019-01-27 12:25:04+00:00,
2019-01-27 12:25:05+00:00,
2019-01-27 12:25:06+00:00,
2019-01-27 12:25:07+00:00,
2019-01-27 12:25:08+00:00,
2019-01-27 12:25:09+00:00,
2019-01-27 12:25:10+00:00,
2019-01-27 12:25:11+00:00,
2019-01-27 12:25:12+00:00,
2019-01-27 12:25:13+00:00,
2019-01-27 12:25:14+00:00,
2019-01-27 12:25:15+00:00,
2019-01-27 12:25:16+00:00,
2019-01-27 12:25:17+00:00,
2019-01-27 12:25:18+00:00,
2019-01-27 12:25:19+00:00,
2019-01-27 12:25:20+00:00,
2019-01-27 12:25:21+00:00,
2019-01-27 12:25:22+00:00,
2019-01-27 12:25:23+00:00,
2019-01-27 12:25:24+00:00,
2019-01-27 12:25:25+00:00,
2019-01-27 12:25:26+00:00,
2019-01-27 12:25:27+00:00,
2019-01-27 12:25:28+00:00,
2019-01-27 12:25:29+00:00,
2019-01-27 12:25:30+00:00,
2019-01-27 12:25:31+00:00,
2019-01-27 12:25:32+00:00,
2019-01-27 12:25:33+00:00,
2019-01-27 12:25:34+00:00,
2019-01-27 12:25:35+00:00,
2019-01-27 12:25:36+00:00,
2019-01-27 12:25:37+00:00,
2019-01-27 12:25:38+00:00,
2019-01-27 12:25:39+00:00,
2019-01-27 12:25:40+00:00,
2019-01-27 12:25:41+00:00,
2019-01-27 12:25:42+00:00,
2019-01-27 12:25:43+00:00,
2019-01-27 12:25:44+00:00,
2019-01-27 12:25:45+00:00,
2019-01-27 12:25:46+00:00,
2019-01-27 12:25:47+00:00,
2019-01-27 12:25:48+00:00,
2019-01-27 12:25:49+00:00,
2019-01-27 12:25:50+00:00,
2019-01-27 12:25:51+00:00,
2019-01-27 12:25:52+00:00,
2019-01-27 12:25:53+00:00,
2019-01-27 12:25:54+00:00,
2019-01-27 12:25:55+00:00,
2019-01-27 12:25:56+00:00,
2019-01-27 12:25:57+00:00,
2019-01-27 12:25:58+00:00,
2019-01-27 12:25:59+00:00,
2019-01-27 12:26:00+00:00,
2019-01-27 12:26:01+00:00,
2019-01-27 12:26:02+00:00,
2019-01-27 12:26:03+00:00,
2019-01-27 12:26:04+00:00,
2019-01-27 12:26:05+00:00,
2019-01-27 12:26:06+00:00,
2019-01-27 12:26:07+00:00,
2019-01-27 12:26:08+00:00,
2019-01-27 12:26:09+00:00,
2019-01-27 12:26:10+00:00,
2019-01-27 12:26:11+00:00,
2019-01-27 12:26:12+00:00,
2019-01-27 12:26:13+00:00,
2019-01-27 12:26:14+00:00,
2019-01-27 12:26:15+00:00,
2019-01-27 12:26:16+00:00,
2019-01-27 12:26:17+00:00,
2019-01-27 12:26:18+00:00,
2019-01-27 12:26:19+00:00,
2019-01-27 12:26:20+00:00,
2019-01-27 12:26:21+00:00,
2019-01-27 12:26:22+00:00,
2019-01-27 12:26:23+00:00,
2019-01-27 12:26:24+00:00,
2019-01-27 12:26:25+00:00,
2019-01-27 12:26:26+00:00,
2019-01-27 12:26:27+00:00,
2019-01-27 12:26:28+00:00,
2019-01-27 12:26:29+00:00,
2019-01-27 12:26:30+00:00,
2019-01-27 12:26:31+00:00,
2019-01-27 12:26:32+00:00,
2019-01-27 12:26:33+00:00,
2019-01-27 12:26:34+00:00,0.0
2019-01-27 12:26:35+00:00,1.9542502908431443
2019-01-27 12:26:36+00:00,3.9085005816862886
2019-01-27 12:26:37+00:00,5.862750872529433
2019-01-27 12:26:38+00:00,7.817001163372577
2019-01-27 12:26:39+00:00,13.739476232927112
2019-01-27 12:26:40+00:00,23.630176081193035
2019-01-27 12:26:41+00:00,33.52087592945896
2019-01-27 12:26:42+00:00,43.411575777724885
2019-01-27 12:26:43+00:00,53.98352999925396
2019-01-27 12:26:44+00:00,65.23673859404619
2019-01-27 12:26:45+00:00,76.48994718883841
2019-01-27 12:26:46+00:00,87.74315578363064
2019-01-27 12:26:47+00:00,98.99636437842287
2019-01-27 12:26:48+00:00,104.95468738382098
2019-01-27 12:26:49+00:00,105.618124799825
2019-01-27 12:26:50+00:00,106.28156221582901
2019-01-27 12:26:51+00:00,106.94499963183303
2019-01-27 12:26:52+00:00,107.19370547038186
2019-01-27 12:26:53+00:00,107.0276797314755
2019-01-27 12:26:54+00:00,106.86165399256915
2019-01-27 12:26:55+00:00,106.69562825366279
2019-01-27 12:26:56+00:00,106.52960251475643
2019-01-27 12:26:57+00:00,106.80555608240788
2019-01-27 12:26:58+00:00,107.52348895661711
2019-01-27 12:26:59+00:00,108.24142183082635
2019-01-27 12:27:00+00:00,108.9593547050356
2019-01-27 12:27:01+00:00,109.68236154872297
2019-01-27 12:27:02+00:00,110.41044236188849
2019-01-27 12:27:03+00:00,111.138523175054
2019-01-27 12:27:04+00:00,111.86660398821952
2019-01-27 12:27:05+00:00,112.59468480138504
2019-01-27 12:27:06+00:00,110.70379168438495
2019-01-27 12:27:07+00:00,106.19392463721924
2019-01-27 12:27:08+00:00,101.68405759005353
2019-01-27 12:27:09+00:00,97.17419054288781
2019-01-27 12:27:10+00:00,90.89053814791698
2019-01-27 12:27:11+00:00,82.83310040514104
2019-01-27 12:27:12+00:00,74.7756626623651
2019-01-27 12:27:13+00:00,66.71822491958915
2019-01-27 12:27:14+00:00,58.6607871768132
2019-01-27 12:27:15+00:00,53.26439770767043
2019-01-27 12:27:16+00:00,50.529056512160835
2019-01-27 12:27:17+00:00,47.79371531665124
2019-01-27 12:27:18+00:00,45.05837412114164
2019-01-27 12:27:19+00:00,47.79854244052402
2019-01-27 12:27:20+00:00,56.01422027479837
2019-01-27 12:27:21+00:00,64.22989810907272
2019-01-27 12:27:22+00:00,72.44557594334708
2019-01-27 12:27:23+00:00,80.66125377762144
2019-01-27 12:27:24+00:00,89.60628990648613
2019-01-27 12:27:25+00:00,99.28068432994114
2019-01-27 12:27:26+00:00,108.95507875339615
2019-01-27 12:27:27+00:00,118.62947317685116
2019-01-27 12:27:28+00:00,128.051812541221
2019-01-27 12:27:29+00:00,137.22209684650568
2019-01-27 12:27:30+00:00,146.39238115179035
2019-01-27 12:27:31+00:00,155.562665457075
2019-01-27 12:27:32+00:00,164.73294976235968
2019-01-27 12:27:33+00:00,173.2944944805827
2019-01-27 12:27:34+00:00,181.24729961174407
2019-01-27 12:27:35+00:00,189.20010474290544
2019-01-27 12:27:36+00:00,197.1529098740668
2019-01-27 12:27:37+00:00,206.70280528006987
2019-01-27 12:27:38+00:00,217.84979096091462
2019-01-27 12:27:39+00:00,228.99677664175937
2019-01-27 12:27:40+00:00,240.14376232260412
2019-01-27 12:27:41+00:00,251.29074800344887
2019-01-27 12:27:42+00:00,259.19185464842656
2019-01-27 12:27:43+00:00,263.84708225753724
2019-01-27 12:27:44+00:00,268.5023098666479
2019-01-27 12:27:45+00:00,273.1575374757586
2019-01-27 12:27:46+00:00,273.72924527697734
2019-01-27 12:27:47+00:00,270.21743327030407
2019-01-27 12:27:48+00:00,266.7056212636308
2019-01-27 12:27:49+00:00,263.19380925695754
2019-01-27 12:27:50+00:00,259.68199725028427
2019-01-27 12:27:51+00:00,254.93636169688725
2019-01-27 12:27:52+00:00,248.95690259676644
2019-01-27 12:27:53+00:00,242.97744349664563
2019-01-27 12:27:54+00:00,236.99798439652483
2019-01-27 12:27:55+00:00,229.0387816093167
2019-01-27 12:27:56+00:00,219.0998351350212
2019-01-27 12:27:57+00:00,209.16088866072573
2019-01-27 12:27:58+00:00,199.22194218643025
2019-01-27 12:27:59+00:00,189.28299571213478
2019-01-27 12:28:00+00:00,182.8423875474422
2019-01-27 12:28:01+00:00,179.90011769235252
2019-01-27 12:28:02+00:00,176.95784783726285
2019-01-27 12:28:03+00:00,174.01557798217317
2019-01-27 12:28:04+00:00,169.71837904381925
2019-01-27 12:28:05+00:00,164.06625102220113
2019-01-27 12:28:06+00:00,158.414123000583
2019-01-27 12:28:07+00:00,152.76199497896488
2019-01-27 12:28:08+00:00,147.10986695734675
2019-01-27 12:28:09+00:00,143.33618009388425
2019-01-27 12:28:10+00:00,141.4409343885774
2019-01-27 12:28:11+00:00,139.54568868327055
2019-01-27 12:28:12+00:00,137.6504429779637
2019-01-27 12:28:13+00:00,135.44576541968055
2019-01-27 12:28:14+00:00,132.93165600842113
2019-01-27 12:28:15+00:00,130.4175465971617
2019-01-27 12:28:16+00:00,127.90343718590226
2019-01-27 12:28:17+00:00,125.38932777464282
2019-01-27 12:28:18+00:00,125.01494488946038
2019-01-27 12:28:19+00:00,126.78028853035494
2019-01-27 12:28:20+00:00,128.54563217124948
2019-01-27 12:28:21+00:00,130.31097581214402
2019-01-27 12:28:22+00:00,133.07150375980055
2019-01-27 12:28:23+00:00,136.82721601421906
2019-01-27 12:28:24+00:00,140.58292826863757
2019-01-27 12:28:25+00:00,144.33864052305609
2019-01-27 12:28:26+00:00,148.0943527774746
2019-01-27 12:28:27+00:00,148.57525024604757
2019-01-27 12:28:28+00:00,145.78133292877502
2019-01-27 12:28:29+00:00,142.98741561150246
2019-01-27 12:28:30+00:00,140.1934982942299
2019-01-27 12:28:31+00:00,139.31600969251167
2019-01-27 12:28:32+00:00,140.3549498063478
2019-01-27 12:28:33+00:00,141.39388992018394
2019-01-27 12:28:34+00:00,142.43283003402007
2019-01-27 12:28:35+00:00,143.4717701478562
2019-01-27 12:28:36+00:00,148.51094746579778
2019-01-27 12:28:37+00:00,157.5503619878448
2019-01-27 12:28:38+00:00,166.58977650989183
2019-01-27 12:28:39+00:00,175.62919103193886
2019-01-27 12:28:40+00:00,184.92593475791816
2019-01-27 12:28:41+00:00,194.4800076878297
2019-01-27 12:28:42+00:00,204.03408061774127
2019-01-27 12:28:43+00:00,213.58815354765284
2019-01-27 12:28:44+00:00,223.1422264775644
2019-01-27 12:28:45+00:00,231.7773336086216
2019-01-27 12:28:46+00:00,239.49347494082443
2019-01-27 12:28:47+00:00,247.20961627302725
2019-01-27 12:28:48+00:00,254.92575760523007
2019-01-27 12:28:49+00:00,262.6258749464265
2019-01-27 12:28:50+00:00,270.3099682966165
2019-01-27 12:28:51+00:00,277.9940616468065
2019-01-27 12:28:52+00:00,285.67815499699645
2019-01-27 12:28:53+00:00,293.36224834718644
2019-01-27 12:28:54+00:00,301.6591042571581
2019-01-27 12:28:55+00:00,310.56872272691146
2019-01-27 12:28:56+00:00,319.4783411966648
2019-01-27 12:28:57+00:00,328.38795966641817
2019-01-27 12:28:58+00:00,337.366349612887
2019-01-27 12:28:59+00:00,346.41351103607127
2019-01-27 12:29:00+00:00,355.46067245925553
2019-01-27 12:29:01+00:00,364.5078338824398
2019-01-27 12:29:02+00:00,373.55499530562406
2019-01-27 12:29:03+00:00,378.3093713858662
2019-01-27 12:29:04+00:00,378.7709621231662
2019-01-27 12:29:05+00:00,379.2325528604662
2019-01-27 12:29:06+00:00,379.69414359776624
2019-01-27 12:29:07+00:00,378.2283357059286
2019-01-27 12:29:08+00:00,374.8351291849533
2019-01-27 12:29:09+00:00,371.441922663978
2019-01-27 12:29:10+00:00,368.0487161430027
2019-01-27 12:29:11+00:00,364.6555096220274
2019-01-27 12:29:12+00:00,361.12206819203453
2019-01-27 12:29:13+00:00,357.448391853024
2019-01-27 12:29:14+00:00,353.7747155140135
2019-01-27 12:29:15+00:00,350.101039175003
2019-01-27 12:29:16+00:00,350.1771735260436
2019-01-27 12:29:17+00:00,354.0031185671353
2019-01-27 12:29:18+00:00,357.829063608227
2019-01-27 12:29:19+00:00,361.6550086493187
2019-01-27 12:29:20+00:00,365.4809536904104
2019-01-27 12:29:21+00:00,370.8470138085453
2019-01-27 12:29:22+00:00,377.75318900372343
2019-01-27 12:29:23+00:00,384.6593641989016
2019-01-27 12:29:24+00:00,391.56553939407974
2019-01-27 12:29:25+00:00,395.48709005698805
2019-01-27 12:29:26+00:00,396.42401618762653
2019-01-27 12:29:27+00:00,397.360942318265
2019-01-27 12:29:28+00:00,398.2978684489035
2019-01-27 12:29:29+00:00,399.234794579542
2019-01-27 12:29:30+00:00,399.8264307144929
2019-01-27 12:29:31+00:00,400.0727768537563
2019-01-27 12:29:32+00:00,400.3191229930197
2019-01-27 12:29:33+00:00,400.56546913228306
2019-01-27 12:29:34+00:00,404.60339867017956
2019-01-27 12:29:35+00:00,412.4329116067092
2019-01-27 12:29:36+00:00,420.2624245432388
2019-01-27 12:29:37+00:00,428.09193747976843
2019-01-27 12:29:38+00:00,435.92145041629806
2019-01-27 12:29:39+00:00,443.08879501112824
2019-01-27 12:29:40+00:00,449.593971264259
2019-01-27 12:29:41+00:00,456.0991475173897
2019-01-27 12:29:42+00:00,462.60432377052047
2019-01-27 12:29:43+00:00,464.38195109768463
2019-01-27 12:29:44+00:00,461.43202949888223
2019-01-27 12:29:45+00:00,458.4821079000798
2019-01-27 12:29:46+00:00,455.5321863012774
2019-01-27 12:29:47+00:00,452.582264702475
2019-01-27 12:29:48+00:00,448.0619498653119
2019-01-27 12:29:49+00:00,441.971241789788
2019-01-27 12:29:50+00:00,435.8805337142641
2019-01-27 12:29:51+00:00,429.78982563874024
2019-01-27 12:29:52+00:00,423.21700760938415
2019-01-27 12:29:53+00:00,416.1620796261959
2019-01-27 12:29:54+00:00,409.1071516430077
2019-01-27 12:29:55+00:00,402.05222365981945
2019-01-27 12:29:56+00:00,394.9972956766312
2019-01-27 12:29:57+00:00,391.3760357356871
2019-01-27 12:29:58+00:00,391.1884438369871
2019-01-27 12:29:59+00:00,391.00085193828716
2019-01-27 12:30:00+00:00,390.8132600395872
2019-01-27 12:30:01+00:00,389.55263757585965
2019-01-27 12:30:02+00:00,387.2189845471046
2019-01-27 12:30:03+00:00,384.8853315183495
2019-01-27 12:30:04+00:00,382.55167848959445
2019-01-27 12:30:05+00:00,380.2180254608394
2019-01-27 12:30:06+00:00,
2019-01-27 12:30:07+00:00,
2019-01-27 12:30:08+00:00,
2019-01-27 12:30:09+00:00,
2019-01-27 12:30:10+00:00,
2019-01-27 12:30:11+00:00,
2019-01-27 12:30:12+00:00,
2019-01-27 12:30:13+00:00,
2019-01-27 12:30:14+00:00,
2019-01-27 12:30:15+00:00,
2019-01-27 12:30:16+00:00,
2019-01-27 12:30:17+00:00,
2019-01-27 12:30:18+00:00,
2019-01-27 12:30:19+00:00,
2019-01-27 12:30:20+00:00,
2019-01-27 12:30:21+00:00,
2019-01-27 12:30:22+00:00,
2019-01-27 12:30:23+00:00,
2019-01-27 12:30:24+00:00,
2019-01-27 12:30:25+00:00,
2019-01-27 12:30:26+00:00,
2019-01-27 12:30:27+00:00,
2019-01-27 12:30:28+00:00,
2019-01-27 12:30:29+00:00,
2019-01-27 12:30:30+00:00,
2019-01-27 12:30:31+00:00,
2019-01-27 12:30:32+00:00,
2019-01-27 12:30:33+00:00,
2019-01-27 12:30:34+00:00,
2019-01-27 12:30:35+00:00,
2019-01-27 12:30:36+00:00,
2019-01-27 12:30:37+00:00,
2019-01-27 12:30:38+00:00,
2019-01-27 12:30:39+00:00,
2019-01-27 12:30:40+00:00,
2019-01-27 12:30:41+00:00,
2019-01-27 12:30:42+00:00,
2019-01-27 12:30:43+00:00,
2019-01-27 12:30:44+00:00,
2019-01-27 12:30:45+00:00,
2019-01-27 12:30:46+00:00,
2019-01-27 12:30:47+00:00,
2019-01-27 12:30:48+00:00,
2019-01-27 12:30:49+00:00,
2019-01-27 12:30:50+00:00,
2019-01-27 12:30:51+00:00,
2019-01-27 12:30:52+00:00,
2019-01-27 12:30:53+00:00,
2019-01-27 12:30:54+00:00,
2019-01-27 12:30:55+00:00,
2019-01-27 12:30:56+00:00,
2019-01-27 12:30:57+00:00,
2019-01-27 12:30:58+00:00,
2019-01-27 12:30:59+00:00,
2019-01-27 12:31:00+00:00,
2019-01-27 12:31:01+00:00,
2019-01-27 12:31:02+00:00,
2019-01-27 12:31:03+00:00,
2019-01-27 12:31:04+00:00,
2019-01-27 12:31:05+00:00,
2019-01-27 12:31:06+00:00,
2019-01-27 12:31:07+00:00,
2019-01-27 12:31:08+00:00,
2019-01-27 12:31:09+00:00,
2019-01-27 12:31:10+00:00,
2019-01-27 12:31:11+00:00,
2019-01-27 12:31:12+00:00,
2019-01-27 12:31:13+00:00,
2019-01-27 12:31:14+00:00,
2019-01-27 12:31:15+00:00,
2019-01-27 12:31:16+00:00,
2019-01-27 12:31:17+00:00,
2019-01-27 12:31:18+00:00,
2019-01-27 12:31:19+00:00,
2019-01-27 12:31:20+00:00,
2019-01-27 12:31:21+00:00,
2019-01-27 12:31:22+00:00,
2019-01-27 12:31:23+00:00,
2019-01-27 12:31:24+00:00,
2019-01-27 12:31:25+00:00,
2019-01-27 12:31:26+00:00,
2019-01-27 12:31:27+00:00,
2019-01-27 12:31:28+00:00,
2019-01-27 12:31:29+00:00,
2019-01-27 12:31:30+00:00,
2019-01-27 12:31:31+00:00,
2019-01-27 12:31:32+00:00,
2019-01-27 12:31:33+00:00,
2019-01-27 12:31:34+00:00,
2019-01-27 12:31:35+00:00,
2019-01-27 12:31:36+00:00,
2019-01-27 12:31:37+00:00,
2019-01-27 12:31:38+00:00,
2019-01-27 12:31:39+00:00,
2019-01-27 12:31:40+00:00,
2019-01-27 12:31:41+00:00,
2019-01-27 12:31:42+00:00,
2019-01-27 12:31:43+00:00,
2019-01-27 12:31:44+00:00,
2019-01-27 12:31:45+00:00,
2019-01-27 12:31:46+00:00,
2019-01-27 12:31:47+00:00,
2019-01-27 12:31:48+00:00,
2019-01-27 12:31:49+00:00,
2019-01-27 12:31:50+00:00,
2019-01-27 12:31:51+00:00,
2019-01-27 12:31:52+00:00,
2019-01-27 12:31:53+00:00,
2019-01-27 12:31:54+00:00,
2019-01-27 12:31:55+00:00,
2019-01-27 12:31:56+00:00,
2019-01-27 12:31:57+00:00,
2019-01-27 12:31:58+00:00,
2019-01-27 12:31:59+00:00,
2019-01-27 12:32:00+00:00,
2019-01-27 12:32:01+00:00,
2019-01-27 12:32:02+00:00,
2019-01-27 12:32:03+00:00,
2019-01-27 12:32:04+00:00,
2019-01-27 12:32:05+00:00,
2019-01-27 12:32:06+00:00,
2019-01-27 12:32:07+00:00,
2019-01-27 12:32:08+00:00,
2019-01-27 12:32:09+00:00,
2019-01-27 12:32:10+00:00,
2019-01-27 12:32:11+00:00,
2019-01-27 12:32:12+00:00,
2019-01-27 12:32:13+00:00,
2019-01-27 12:32:14+00:00,
2019-01-27 12:32:15+00:00,
2019-01-27 12:32:16+00:00,
2019-01-27 12:32:17+00:00,
2019-01-27 12:32:18+00:00,
2019-01-27 12:32:19+00:00,
2019-01-27 12:32:20+00:00,
2019-01-27 12:32:21+00:00,
2019-01-27 12:32:22+00:00,
2019-01-27 12:32:23+00:00,
2019-01-27 12:32:24+00:00,
2019-01-27 12:32:25+00:00,
2019-01-27 12:32:26+00:00,
2019-01-27 12:32:27+00:00,
2019-01-27 12:32:28+00:00,
2019-01-27 12:32:29+00:00,
2019-01-27 12:32:30+00:00,
2019-01-27 12:32:31+00:00,
2019-01-27 12:32:32+00:00,
2019-01-27 12:32:33+00:00,
2019-01-27 12:32:34+00:00,
2019-01-27 12:32:35+00:00,
2019-01-27 12:32:36+00:00,
2019-01-27 12:32:37+00:00,
2019-01-27 12:32:38+00:00,
2019-01-27 12:32:39+00:00,
2019-01-27 12:32:40+00:00,
2019-01-27 12:32:41+00:00,
2019-01-27 12:32:42+00:00,
2019-01-27 12:32:43+00:00,
2019-01-27 12:32:44+00:00,
2019-01-27 12:32:45+00:00,
2019-01-27 12:32:46+00:00,
2019-01-27 12:32:47+00:00,
2019-01-27 12:32:48+00:00,
2019-01-27 12:32:49+00:00,
2019-01-27 12:32:50+00:00,
2019-01-27 12:32:51+00:00,
2019-01-27 12:32:52+00:00,
2019-01-27 12:32:53+00:00,
2019-01-27 12:32:54+00:00,
2019-01-27 12:32:55+00:00,
2019-01-27 12:32:56+00:00,
2019-01-27 12:32:57+00:00,
2019-01-27 12:32:58+00:00,
2019-01-27 12:32:59+00:00,
2019-01-27 12:33:00+00:00,
2019-01-27 12:33:01+00:00,0.0
2019-01-27 12:33:02+00:00,12.140150073467083
2019-01-27 12:33:03+00:00,24.280300146934167
2019-01-27 12:33:04+00:00,36.42045022040125
2019-01-27 12:33:05+00:00,48.56060029386833
2019-01-27 12:33:06+00:00,58.58550962719306
2019-01-27 12:33:07+00:00,66.49517822037544
2019-01-27 12:33:08+00:00,74.40484681355781
2019-01-27 12:33:09+00:00,82.31451540674018
2019-01-27 12:33:10+00:00,93.2499523579224
2019-01-27 12:33:11+00:00,107.21115766710446
2019-01-27 12:33:12+00:00,121.17236297628651
2019-01-27 12:33:13+00:00,135.13356828546856
2019-01-27 12:33:14+00:00,149.0947735946506
2019-01-27 12:33:15+00:00,161.1411525380208
2019-01-27 12:33:16+00:00,171.27270511557916
2019-01-27 12:33:17+00:00,181.4042576931375
2019-01-27 12:33:18+00:00,191.53581027069586
2019-01-27 12:33:19+00:00,201.0122325214884
2019-01-27 12:33:20+00:00,209.8335244455151
2019-01-27 12:33:21+00:00,218.65481636954183
2019-01-27 12:33:22+00:00,227.47610829356856
2019-01-27 12:33:23+00:00,236.29740021759528
2019-01-27 12:33:24+00:00,240.8860529396052
2019-01-27 12:33:25+00:00,241.2420664595983
2019-01-27 12:33:26+00:00,241.5980799795914
2019-01-27 12:33:27+00:00,241.9540934995845
2019-01-27 12:33:28+00:00,240.50400055533387
2019-01-27 12:33:29+00:00,237.24780114683952
2019-01-27 12:33:30+00:00,233.99160173834517
2019-01-27 12:33:31+00:00,230.7354023298508
2019-01-27 12:33:32+00:00,227.47920292135646
2019-01-27 12:33:33+00:00,226.99258719995623
2019-01-27 12:33:34+00:00,229.27555516565013
2019-01-27 12:33:35+00:00,231.55852313134403
2019-01-27 12:33:36+00:00,233.84149109703793
2019-01-27 12:33:37+00:00,233.74965651636705
2019-01-27 12:33:38+00:00,231.2830193893314
2019-01-27 12:33:39+00:00,228.81638226229575
2019-01-27 12:33:40+00:00,226.3497451352601
2019-01-27 12:33:41+00:00,223.88310800822444
2019-01-27 12:33:42+00:00,218.41541418946488
2019-01-27 12:33:43+00:00,209.94666367898145
2019-01-27 12:33:44+00:00,201.47791316849802
2019-01-27 12:33:45+00:00,193.0091626580146
2019-01-27 12:33:46+00:00,184.57322443950716
2019-01-27 12:33:47+00:00,176.17009851297573
2019-01-27 12:33:48+00:00,167.7669725864443
2019-01-27 12:33:49+00:00,159.36384665991287
2019-01-27 12:33:50+00:00,150.96072073338144
2019-01-27 12:33:51+00:00,148.31464936054334
2019-01-27 12:33:52+00:00,151.42563254139858
2019-01-27 12:33:53+00:00,154.53661572225383
2019-01-27 12:33:54+00:00,157.64759890310907
2019-01-27 12:33:55+00:00,163.13800322894863
2019-01-27 12:33:56+00:00,171.00782869977255
2019-01-27 12:33:57+00:00,178.87765417059646
2019-01-27 12:33:58+00:00,186.74747964142037
2019-01-27 12:33:59+00:00,194.61730511224428
2019-01-27 12:34:00+00:00,199.7600144158954
2019-01-27 12:34:01+00:00,202.17560755237372
2019-01-27 12:34:02+00:00,204.59120068885204
2019-01-27 12:34:03+00:00,207.00679382533036
2019-01-27 12:34:04+00:00,203.16631057316792
2019-01-27 12:34:05+00:00,193.06975093236468
2019-01-27 12:34:06+00:00,182.97319129156145
2019-01-27 12:34:07+00:00,172.8766316507582
2019-01-27 12:34:08+00:00,162.78007200995498
2019-01-27 12:34:09+00:00,150.9818467519999
2019-01-27 12:34:10+00:00,137.481955876893
2019-01-27 12:34:11+00:00,123.98206500178613
2019-01-27 12:34:12+00:00,110.48217412667924
2019-01-27 12:34:13+00:00,102.6869139556605
2019-01-27 12:34:14+00:00,100.59628448872992
2019-01-27 12:34:15+00:00,98.50565502179934
2019-01-27 12:34:16+00:00,96.41502555486876
2019-01-27 12:34:17+00:00,94.32439608793818
2019-01-27 12:34:18+00:00,88.38690856516001
2019-01-27 12:34:19+00:00,78.60256298653427
2019-01-27 12:34:20+00:00,68.81821740790852
2019-01-27 12:34:21+00:00,59.03387182928277
2019-01-27 12:34:22+00:00,44.92864245979578
2019-01-27 12:34:23+00:00,26.50252929944754
2019-01-27 12:34:24+00:00,8.076416139099301
2019-01-27 12:34:25+00:00,-10.34969702124894
2019-01-27 12:34:26+00:00,-28.77581018159718
2019-01-27 12:34:27+00:00,-45.17210765326342
2019-01-27 12:34:28+00:00,-59.53858943624765
2019-01-27 12:34:29+00:00,-73.90507121923189
2019-01-27 12:34:30+00:00,-88.27155300221612
2019-01-27 12:34:31+00:00,-98.91718751500171
2019-01-27 12:34:32+00:00,-105.84197475758867
2019-01-27 12:34:33+00:00,-112.76676200017563
2019-01-27 12:34:34+00:00,-119.69154924276259
2019-01-27 12:34:35+00:00,-126.61633648534955
2019-01-27 12:34:36+00:00,-133.1669746554297
2019-01-27 12:34:37+00:00,-139.34346375300302
2019-01-27 12:34:38+00:00,-145.51995285057635
2019-01-27 12:34:39+00:00,-151.69644194814967
2019-01-27 12:34:40+00:00,-165.12016512059358
2019-01-27 12:34:41+00:00,-185.7911223679081
2019-01-27 12:34:42+00:00,-206.4620796152226
2019-01-27 12:34:43+00:00,-227.1330368625371
2019-01-27 12:34:44+00:00,-247.8039941098516
2019-01-27 12:34:45+00:00,-267.4667712582136
2019-01-27 12:34:46+00:00,-286.12136830762313
2019-01-27 12:34:47+00:00,-304.77596535703265
2019-01-27 12:34:48+00:00,-323.43056240644216
2019-01-27 12:34:49+00:00,-340.8033424719
2019-01-27 12:34:50+00:00,-356.8943055534061
2019-01-27 12:34:51+00:00,-372.98526863491225
2019-01-27 12:34:52+00:00,-389.07623171641836
2019-01-27 12:34:53+00:00,-405.1671947979245
2019-01-27 12:34:54+00:00,-422.5284278469368
2019-01-27 12:34:55+00:00,-441.15993086345526
2019-01-27 12:34:56+00:00,-459.79143387997374
2019-01-27 12:34:57+00:00,-478.4229368964922
2019-01-27 12:34:58+00:00,-498.6299548667565
2019-01-27 12:34:59+00:00,-520.4124877907667
2019-01-27 12:35:00+00:00,-542.1950207147769
2019-01-27 12:35:01+00:00,-563.9775536387871
2019-01-27 12:35:02+00:00,-585.7600865627973
2019-01-27 12:35:03+00:00,-609.7919866340035
2019-01-27 12:35:04+00:00,-636.0732538524059
2019-01-27 12:35:05+00:00,-662.3545210708082
2019-01-27 12:35:06+00:00,-688.6357882892106
2019-01-27 12:35:07+00:00,-714.1574353132835
2019-01-27 12:35:08+00:00,-738.9194621430269
2019-01-27 12:35:09+00:00,-763.6814889727702
2019-01-27 12:35:10+00:00,-788.4435158025136
2019-01-27 12:35:11+00:00,-813.205542632257
2019-01-27 12:35:12+00:00,-836.6254332135067
2019-01-27 12:35:13+00:00,-858.7031875462626
2019-01-27 12:35:14+00:00,-880.7809418790185
2019-01-27 12:35:15+00:00,-902.8586962117745
2019-01-27 12:35:16+00:00,-927.1358890601567
2019-01-27 12:35:17+00:00,-953.6125204241653
2019-01-27 12:35:18+00:00,-980.0891517881738
2019-01-27 12:35:19+00:00,-1006.5657831521823
2019-01-27 12:35:20+00:00,-1033.042414516191
2019-01-27 12:35:21+00:00,
2019-01-27 12:35:22+00:00,
2019-01-27 12:35:23+00:00,
2019-01-27 12:35:24+00:00,
2019-01-27 12:35:25+00:00,
2019-01-27 12:35:26+00:00,
2019-01-27 12:35:27+00:00,
2019-01-27 12:35:28+00:00,
2019-01-27 12:35:29+00:00,
2019-01-27 12:35:30+00:00,
2019-01-27 12:35:31+00:00,
2019-01-27 12:35:32+00:00,
2019-01-27 12:35:33+00:00,
2019-01-27 12:35:34+00:00,
2019-01-27 12:35:35+00:00,
2019-01-27 12:35:36+00:00,
2019-01-27 12:35:37+00:00,
2019-01-27 12:35:38+00:00,
2019-01-27 12:35:39+00:00,
2019-01-27 12:35:40+00:00,
2019-01-27 12:35:41+00:00,
2019-01-27 12:35:42+00:00,
2019-01-27 12:35:43+00:00,
2019-01-27 12:35:44+00:00,
2019-01-27 12:35:45+00:00,
2019-01-27 12:35:46+00:00,
2019-01-27 12:35:47+00:00,
2019-01-27 12:35:48+00:00,
2019-01-27 12:35:49+00:00,
2019-01-27 12:35:50+00:00,
2019-01-27 12:35:51+00:00,
2019-01-27 12:35:52+00:00,
2019-01-27 12:35:53+00:00,
2019-01-27 12:35:54+00:00,
2019-01-27 12:35:55+00:00,
2019-01-27 12:35:56+00:00,
2019-01-27 12:35:57+00:00,
2019-01-27 12:35:58+00:00,
2019-01-27 12:35:59+00:00,
2019-01-27 12:36:00+00:00,
2019-01-27 12:36:01+00:00,
2019-01-27 12:36:02+00:00,
2019-01-27 12:36:03+00:00,
2019-01-27 12:36:04+00:00,
2019-01-27 12:36:05+00:00,
2019-01-27 12:36:06+00:00,
2019-01-27 12:36:07+00:00,
2019-01-27 12:36:08+00:00,
2019-01-27 12:36:09+00:00,
2019-01-27 12:36:10+00:00,
2019-01-27 12:36:11+00:00,
2019-01-27 12:36:12+00:00,
2019-01-27 12:36:13+00:00,
2019-01-27 12:36:14+00:00,
2019-01-27 12:36:15+00:00,
2019-01-27 12:36:16+00:00,
2019-01-27 12:36:17+00:00,
2019-01-27 12:36:18+00:00,
2019-01-27 12:36:19+00:00,
2019-01-27 12:36:20+00:00,
2019-01-27 12:36:21+00:00,
2019-01-27 12:36:22+00:00,
2019-01-27 12:36:23+00:00,
2019-01-27 12:36:24+00:00,
2019-01-27 12:36:25+00:00,
2019-01-27 12:36:26+00:00,
2019-01-27 12:36:27+00:00,
2019-01-27 12:36:28+00:00,
2019-01-27 12:36:29+00:00,
2019-01-27 12:36:30+00:00,
2019-01-27 12:36:31+00:00,
2019-01-27 12:36:32+00:00,
2019-01-27 12:36:33+00:00,
2019-01-27 12:36:34+00:00,
2019-01-27 12:36:35+00:00,
2019-01-27 12:36:36+00:00,
2019-01-27 12:36:37+00:00,
2019-01-27 12:36:38+00:00,
2019-01-27 12:36:39+00:00,
2019-01-27 12:36:40+00:00,
2019-01-27 12:36:41+00:00,
2019-01-27 12:36:42+00:00,
2019-01-27 12:36:43+00:00,
2019-01-27 12:36:44+00:00,
2019-01-27 12:36:45+00:00,
2019-01-27 12:36:46+00:00,
2019-01-27 12:36:47+00:00,
2019-01-27 12:36:48+00:00,
2019-01-27 12:36:49+00:00,
2019-01-27 12:36:50+00:00,
2019-01-27 12:36:51+00:00,
2019-01-27 12:36:52+00:00,
2019-01-27 12:36:53+00:00,
2019-01-27 12:36:54+00:00,
2019-01-27 12:36:55+00:00,
2019-01-27 12:36:56+00:00,
2019-01-27 12:36:57+00:00,
2019-01-27 12:36:58+00:00,
2019-01-27 12:36:59+00:00,
2019-01-27 12:37:00+00:00,
2019-01-27 12:37:01+00:00,
2019-01-27 12:37:02+00:00,
2019-01-27 12:37:03+00:00,
2019-01-27 12:37:04+00:00,0.0
2019-01-27 12:37:05+00:00,-7.248273967735025
2019-01-27 12:37:06+00:00,-14.49654793547005
2019-01-27 12:37:07+00:00,-21.744821903205075
2019-01-27 12:37:08+00:00,-28.9930958709401
2019-01-27 12:37:09+00:00,-33.29952748841768
2019-01-27 12:37:10+00:00,-34.66411675563783
2019-01-27 12:37:11+00:00,-36.028706022857975
2019-01-27 12:37:12+00:00,-37.39329529007812
2019-01-27 12:37:13+00:00,-35.81000892103408
2019-01-27 12:37:14+00:00,-31.278846915725854
2019-01-27 12:37:15+00:00,-26.747684910417625
2019-01-27 12:37:16+00:00,-22.216522905109397
2019-01-27 12:37:17+00:00,-17.685360899801168
2019-01-27 12:37:18+00:00,-9.440635174217174
2019-01-27 12:37:19+00:00,2.5176542716425825
2019-01-27 12:37:20+00:00,14.47594371750234
2019-01-27 12:37:21+00:00,26.434233163362094
2019-01-27 12:37:22+00:00,39.509827698013765
2019-01-27 12:37:23+00:00,53.70272732145735
2019-01-27 12:37:24+00:00,67.89562694490094
2019-01-27 12:37:25+00:00,82.08852656834452
2019-01-27 12:37:26+00:00,96.2814261917881
2019-01-27 12:37:27+00:00,116.7726335563661
2019-01-27 12:37:28+00:00,143.56214866207853
2019-01-27 12:37:29+00:00,170.35166376779097
2019-01-27 12:37:30+00:00,197.1411788735034
2019-01-27 12:37:31+00:00,228.33016914695315
2019-01-27 12:37:32+00:00,263.91863458814026
2019-01-27 12:37:33+00:00,299.5071000293274
2019-01-27 12:37:34+00:00,335.0955654705145
2019-01-27 12:37:35+00:00,370.6840309117016
2019-01-27 12:37:36+00:00,
2019-01-27 12:37:37+00:00,
2019-01-27 12:37:38+00:00,
2019-01-27 12:37:39+00:00,
2019-01-27 12:37:40+00:00,0.0
2019-01-27 12:37:41+00:00,19.071580888509974
2019-01-27 12:37:42+00:00,38.14316177701995
2019-01-27 12:37:43+00:00,57.214742665529926
2019-01-27 12:37:44+00:00,76.2863235540399
2019-01-27 12:37:45+00:00,95.52623757424132
2019-01-27 12:37:46+00:00,114.93448472613422
2019-01-27 12:37:47+00:00,134.3427318780271
2019-01-27 12:37:48+00:00,153.75097902992
2019-01-27 12:37:49+00:00,180.5013404691302
2019-01-27 12:37:50+00:00,214.59381619565775
2019-01-27 12:37:51+00:00,248.6862919221853
2019-01-27 12:37:52+00:00,282.77876764871286
2019-01-27 12:37:53+00:00,316.8712433752404
2019-01-27 12:37:54+00:00,351.31496664226245
2019-01-27 12:37:55+00:00,386.10993744977907
2019-01-27 12:37:56+00:00,420.9049082572957
2019-01-27 12:37:57+00:00,455.6998790648123
2019-01-27 12:37:58+00:00,489.6664425178958
2019-01-27 12:37:59+00:00,522.8045986165462
2019-01-27 12:38:00+00:00,555.9427547151965
2019-01-27 12:38:01+00:00,589.0809108138469
2019-01-27 12:38:02+00:00,622.2190669124973
2019-01-27 12:38:03+00:00,655.8824820984529
2019-01-27 12:38:04+00:00,690.0711563717139
2019-01-27 12:38:05+00:00,724.2598306449748
2019-01-27 12:38:06+00:00,758.4485049182358
2019-01-27 12:38:07+00:00,799.128297308736
2019-01-27 12:38:08+00:00,846.2992078164755
2019-01-27 12:38:09+00:00,893.4701183242149
2019-01-27 12:38:10+00:00,940.6410288319544
2019-01-27 12:38:11+00:00,987.8119393396938
2019-01-27 12:38:12+00:00,1034.3477735147603
2019-01-27 12:38:13+00:00,1080.248531357154
2019-01-27 12:38:14+00:00,1126.1492891995476
2019-01-27 12:38:15+00:00,1172.0500470419413
2019-01-27 12:38:16+00:00,1212.7476225850323
2019-01-27 12:38:17+00:00,1248.242015828821
2019-01-27 12:38:18+00:00,1283.7364090726096
2019-01-27 12:38:19+00:00,1319.2308023163982
2019-01-27 12:38:20+00:00,1354.7251955601869
2019-01-27 12:38:21+00:00,1390.3031605213087
2019-01-27 12:38:22+00:00,1425.9646971997633
2019-01-27 12:38:23+00:00,1461.626233878218
2019-01-27 12:38:24+00:00,1497.2877705566727
2019-01-27 12:38:25+00:00,1537.4627162948977
2019-01-27 12:38:26+00:00,1582.151071092893
2019-01-27 12:38:27+00:00,1626.8394258908884
2019-01-27 12:38:28+00:00,1671.5277806888837
2019-01-27 12:38:29+00:00,1716.216135486879
2019-01-27 12:38:30+00:00,1762.5753004691626
2019-01-27 12:38:31+00:00,1810.6052756357346
2019-01-27 12:38:32+00:00,1858.6352508023067
2019-01-27 12:38:33+00:00,1906.6652259688788
2019-01-27 12:38:34+00:00,1946.7246459127168
2019-01-27 12:38:35+00:00,1978.8135106338207
2019-01-27 12:38:36+00:00,2010.9023753549245
2019-01-27 12:38:37+00:00,2042.9912400760284
2019-01-27 12:38:38+00:00,2075.080104797132
2019-01-27 12:38:39+00:00,2106.1778040489653
2019-01-27 12:38:40+00:00,2136.284337831528
2019-01-27 12:38:41+00:00,2166.3908716140904
2019-01-27 12:38:42+00:00,2196.497405396653
2019-01-27 12:38:43+00:00,2228.0223943880815
2019-01-27 12:38:44+00:00,2260.965838588376
2019-01-27 12:38:45+00:00,2293.90928278867
2019-01-27 12:38:46+00:00,2326.8527269889646
2019-01-27 12:38:47+00:00,2359.796171189259
2019-01-27 12:38:48+00:00,2395.392699195799
2019-01-27 12:38:49+00:00,2433.6423110085852
2019-01-27 12:38:50+00:00,2471.8919228213713
2019-01-27 12:38:51+00:00,2510.1415346341573
2019-01-27 12:38:52+00:00,2548.404588308605
2019-01-27 12:38:53+00:00,2586.6810838447145
2019-01-27 12:38:54+00:00,2624.957579380824
2019-01-27 12:38:55+00:00,2663.2340749169334
2019-01-27 12:38:56+00:00,2701.510570453043
2019-01-27 12:38:57+00:00,2733.257819587311
2019-01-27 12:38:58+00:00,2758.4758223197377
2019-01-27 12:38:59+00:00,2783.6938250521644
2019-01-27 12:39:00+00:00,2808.911827784591
2019-01-27 12:39:01+00:00,2834.795110915921
2019-01-27 12:39:02+00:00,2861.3436744461555
2019-01-27 12:39:03+00:00,2887.89223797639
2019-01-27 12:39:04+00:00,2914.440801506624
2019-01-27 12:39:05+00:00,2940.9893650368585
2019-01-27 12:39:06+00:00,2973.736890144842
2019-01-27 12:39:07+00:00,3012.683376830575
2019-01-27 12:39:08+00:00,3051.629863516308
2019-01-27 12:39:09+00:00,3090.576350202041
2019-01-27 12:39:10+00:00,3131.5084282160465
2019-01-27 12:39:11+00:00,3174.4260975583247
2019-01-27 12:39:12+00:00,3217.343766900603
2019-01-27 12:39:13+00:00,3260.2614362428812
2019-01-27 12:39:14+00:00,3303.1791055851595
2019-01-27 12:39:15+00:00,3338.100189857078
2019-01-27 12:39:16+00:00,3365.024689058637
2019-01-27 12:39:17+00:00,3391.9491882601956
2019-01-27 12:39:18+00:00,3418.8736874617543
2019-01-27 12:39:19+00:00,3444.940894728539
2019-01-27 12:39:20+00:00,3470.1508100605506
2019-01-27 12:39:21+00:00,3495.360725392562
2019-01-27 12:39:22+00:00,3520.5706407245734
2019-01-27 12:39:23+00:00,3545.780556056585
2019-01-27 12:39:24+00:00,3568.7745903807504
2019-01-27 12:39:25+00:00,3589.5527436970706
2019-01-27 12:39:26+00:00,3610.3308970133908
2019-01-27 12:39:27+00:00,3631.109050329711
2019-01-27 12:39:28+00:00,3651.485035901796
2019-01-27 12:39:29+00:00,3671.458853729646
2019-01-27 12:39:30+00:00,3691.4326715574957
2019-01-27 12:39:31+00:00,3711.4064893853456
2019-01-27 12:39:32+00:00,3731.3803072131955
2019-01-27 12:39:33+00:00,3753.115847055388
2019-01-27 12:39:34+00:00,3776.6131089119226
2019-01-27 12:39:35+00:00,3800.1103707684574
2019-01-27 12:39:36+00:00,3823.607632624992
2019-01-27 12:39:37+00:00,3845.329770248209
2019-01-27 12:39:38+00:00,3865.2767836381076
2019-01-27 12:39:39+00:00,3885.223797028006
2019-01-27 12:39:40+00:00,3905.1708104179047
2019-01-27 12:39:41+00:00,3925.1178238078032
2019-01-27 12:39:42+00:00,3949.1318431820728
2019-01-27 12:39:43+00:00,3977.212868540713
2019-01-27 12:39:44+00:00,4005.293893899353
2019-01-27 12:39:45+00:00,4033.374919257993
2019-01-27 12:39:46+00:00,4062.477565195139
2019-01-27 12:39:47+00:00,4092.6018317107905
2019-01-27 12:39:48+00:00,4122.726098226442
2019-01-27 12:39:49+00:00,4152.850364742094
2019-01-27 12:39:50+00:00,4182.974631257745
2019-01-27 12:39:51+00:00,4215.621889238754
2019-01-27 12:39:52+00:00,4250.792138685121
2019-01-27 12:39:53+00:00,4285.962388131488
2019-01-27 12:39:54+00:00,4321.132637577855
2019-01-27 12:39:55+00:00,4351.565036569036
2019-01-27 12:39:56+00:00,4377.259585105032
2019-01-27 12:39:57+00:00,4402.9541336410275
2019-01-27 12:39:58+00:00,4428.648682177023
2019-01-27 12:39:59+00:00,4454.343230713019
2019-01-27 12:40:00+00:00,4479.77531034202
2019-01-27 12:40:01+00:00,4504.944921064027
2019-01-27 12:40:02+00:00,4530.114531786034
2019-01-27 12:40:03+00:00,4555.2841425080405
2019-01-27 12:40:04+00:00,4584.765591558291
2019-01-27 12:40:05+00:00,4618.558878936784
2019-01-27 12:40:06+00:00,4652.352166315277
2019-01-27 12:40:07+00:00,4686.14545369377
2019-01-27 12:40:08+00:00,4719.938741072263
2019-01-27 12:40:09+00:00,4757.741116837811
2019-01-27 12:40:10+00:00,4799.552580990414
2019-01-27 12:40:11+00:00,4841.3640451430165
2019-01-27 12:40:12+00:00,4883.175509295619
2019-01-27 12:40:13+00:00,
2019-01-27 12:40:14+00:00,
2019-01-27 12:40:15+00:00,
2019-01-27 12:40:16+00:00,
2019-01-27 12:40:17+00:00,
2019-01-27 12:40:18+00:00,0.0
2019-01-27 12:40:19+00:00,22.340481985002516
2019-01-27 12:40:20+00:00,44.68096397000503
2019-01-27 12:40:21+00:00,67.02144595500755
2019-01-27 12:40:22+00:00,92.40513611710766
2019-01-27 12:40:23+00:00,120.83203445630537
2019-01-27 12:40:24+00:00,149.25893279550309
2019-01-27 12:40:25+00:00,177.6858311347008
2019-01-27 12:40:26+00:00,206.11272947389853
2019-01-27 12:40:27+00:00,238.70388015292912
2019-01-27 12:40:28+00:00,275.45928317179255
2019-01-27 12:40:29+00:00,312.214686190656
2019-01-27 12:40:30+00:00,348.9700892095194
2019-01-27 12:40:31+00:00,379.7194124880718
2019-01-27 12:40:32+00:00,404.462656026313
2019-01-27 12:40:33+00:00,429.2058995645543
2019-01-27 12:40:34+00:00,453.9491431027955
2019-01-27 12:40:35+00:00,478.69238664103676
2019-01-27 12:40:36+00:00,504.56145377054713
2019-01-27 12:40:37+00:00,531.5563444913266
2019-01-27 12:40:38+00:00,558.5512352121061
2019-01-27 12:40:39+00:00,585.5461259328856
2019-01-27 12:40:40+00:00,610.3711237482662
2019-01-27 12:40:41+00:00,633.0262286582479
2019-01-27 12:40:42+00:00,655.6813335682295
2019-01-27 12:40:43+00:00,678.3364384782112
2019-01-27 12:40:44+00:00,700.9915433881929
2019-01-27 12:40:45+00:00,725.1580246868298
2019-01-27 12:40:46+00:00,750.8358823741219
2019-01-27 12:40:47+00:00,776.513740061414
2019-01-27 12:40:48+00:00,802.191597748706
2019-01-27 12:40:49+00:00,825.3117253156851
2019-01-27 12:40:50+00:00,845.874122762351
2019-01-27 12:40:51+00:00,866.436520209017
2019-01-27 12:40:52+00:00,886.9989176556829
2019-01-27 12:40:53+00:00,907.5613151023489
2019-01-27 12:40:54+00:00,927.5932414337584
2019-01-27 12:40:55+00:00,947.0946966499116
2019-01-27 12:40:56+00:00,966.5961518660648
2019-01-27 12:40:57+00:00,986.097607082218
2019-01-27 12:40:58+00:00,1005.0899378934871
2019-01-27 12:40:59+00:00,1023.5731442998721
2019-01-27 12:41:00+00:00,1042.056350706257
2019-01-27 12:41:01+00:00,1060.5395571126421
2019-01-27 12:41:02+00:00,1079.0227635190272
2019-01-27 12:41:03+00:00,1102.1854745830647
2019-01-27 12:41:04+00:00,1130.0276903047547
2019-01-27 12:41:05+00:00,1157.8699060264448
2019-01-27 12:41:06+00:00,1185.712121748135
2019-01-27 12:41:07+00:00,1214.4845313075205
2019-01-27 12:41:08+00:00,1244.1871347046012
2019-01-27 12:41:09+00:00,1273.889738101682
2019-01-27 12:41:10+00:00,1303.5923414987628
2019-01-27 12:41:11+00:00,1333.2949448958436
2019-01-27 12:41:12+00:00,1359.2315424431265
2019-01-27 12:41:13+00:00,1381.4021341406115
2019-01-27 12:41:14+00:00,1403.5727258380964
2019-01-27 12:41:15+00:00,1425.7433175355814
2019-01-27 12:41:16+00:00,1445.829981951857
2019-01-27 12:41:17+00:00,1463.8327190869234
2019-01-27 12:41:18+00:00,1481.8354562219897
2019-01-27 12:41:19+00:00,1499.838193357056
2019-01-27 12:41:20+00:00,1517.8409304921224
2019-01-27 12:41:21+00:00,1538.2986109315875
2019-01-27 12:41:22+00:00,1561.2112346754514
2019-01-27 12:41:23+00:00,1584.1238584193152
2019-01-27 12:41:24+00:00,1607.036482163179
2019-01-27 12:41:25+00:00,1630.7777395809692
2019-01-27 12:41:26+00:00,1655.3476306726857
2019-01-27 12:41:27+00:00,1679.9175217644022
2019-01-27 12:41:28+00:00,1704.4874128561187
2019-01-27 12:41:29+00:00,1729.0573039478352
2019-01-27 12:41:30+00:00,1752.3628425141544
2019-01-27 12:41:31+00:00,1774.4040285550764
2019-01-27 12:41:32+00:00,1796.4452145959983
2019-01-27 12:41:33+00:00,1818.4864006369203
2019-01-27 12:41:34+00:00,1834.285629169743
2019-01-27 12:41:35+00:00,1843.8429001944667
2019-01-27 12:41:36+00:00,1853.4001712191903
2019-01-27 12:41:37+00:00,1862.9574422439139
2019-01-27 12:41:38+00:00,1872.5147132686375
2019-01-27 12:41:39+00:00,1881.436869880367
2019-01-27 12:41:40+00:00,1889.7239120791028
2019-01-27 12:41:41+00:00,1898.0109542778384
2019-01-27 12:41:42+00:00,1906.297996476574
2019-01-27 12:41:43+00:00,1916.2840905767991
2019-01-27 12:41:44+00:00,1927.9692365785136
2019-01-27 12:41:45+00:00,1939.654382580228
2019-01-27 12:41:46+00:00,1951.3395285819424
2019-01-27 12:41:47+00:00,1963.0246745836569
2019-01-27 12:41:48+00:00,1975.113137482658
2019-01-27 12:41:49+00:00,1987.604917278946
2019-01-27 12:41:50+00:00,2000.096697075234
2019-01-27 12:41:51+00:00,2012.588476871522
2019-01-27 12:41:52+00:00,2020.8763212841172
2019-01-27 12:41:53+00:00,2024.9602303130198
2019-01-27 12:41:54+00:00,2029.0441393419223
2019-01-27 12:41:55+00:00,2033.128048370825
2019-01-27 12:41:56+00:00,2037.2119573997275
2019-01-27 12:41:57+00:00,2041.7489022308555
2019-01-27 12:41:58+00:00,2046.738882864209
2019-01-27 12:41:59+00:00,2051.7288634975625
2019-01-27 12:42:00+00:00,2056.7188441309163
2019-01-27 12:42:01+00:00,2062.0745061648413
2019-01-27 12:42:02+00:00,2067.7958495993375
2019-01-27 12:42:03+00:00,2073.517193033834
2019-01-27 12:42:04+00:00,2079.23853646833
2019-01-27 12:42:05+00:00,2084.9598799028263
2019-01-27 12:42:06+00:00,2090.495183322113
2019-01-27 12:42:07+00:00,2095.8444467261897
2019-01-27 12:42:08+00:00,2101.1937101302665
2019-01-27 12:42:09+00:00,2106.542973534343
2019-01-27 12:42:10+00:00,
2019-01-27 12:42:11+00:00,
2019-01-27 12:42:12+00:00,
2019-01-27 12:42:13+00:00,
2019-01-27 12:42:14+00:00,
2019-01-27 12:42:15+00:00,
2019-01-27 12:42:16+00:00,
2019-01-27 12:42:17+00:00,
2019-01-27 12:42:18+00:00,
2019-01-27 12:42:19+00:00,
2019-01-27 12:42:20+00:00,
2019-01-27 12:42:21+00:00,
2019-01-27 12:42:22+00:00,
2019-01-27 12:42:23+00:00,
2019-01-27 12:42:24+00:00,
2019-01-27 12:42:25+00:00,
2019-01-27 12:42:26+00:00,
2019-01-27 12:42:27+00:00,
2019-01-27 12:42:28+00:00,
2019-01-27 12:42:29+00:00,
2019-01-27 12:42:30+00:00,
2019-01-27 12:42:31+00:00,
2019-01-27 12:42:32+00:00,
2019-01-27 12:42:33+00:00,
2019-01-27 12:42:34+00:00,
2019-01-27 12:42:35+00:00,
2019-01-27 12:42:36+00:00,
2019-01-27 12:42:37+00:00,
2019-01-27 12:42:38+00:00,
2019-01-27 12:42:39+00:00,
2019-01-27 12:42:40+00:00,
2019-01-27 12:42:41+00:00,
2019-01-27 12:42:42+00:00,
2019-01-27 12:42:43+00:00,
2019-01-27 12:42:44+00:00,
2019-01-27 12:42:45+00:00,
2019-01-27 12:42:46+00:00,
2019-01-27 12:42:47+00:00,
2019-01-27 12:42:48+00:00,
2019-01-27 12:42:49+00:00,
2019-01-27 12:42:50+00:00,
2019-01-27 12:42:51+00:00,
2019-01-27 12:42:52+00:00,
2019-01-27 12:42:53+00:00,
2019-01-27 12:42:54+00:00,
2019-01-27 12:42:55+00:00,
2019-01-27 12:42:56+00:00,
2019-01-27 12:42:57+00:00,
2019-01-27 12:42:58+00:00,
2019-01-27 12:42:59+00:00,
2019-01-27 12:43:00+00:00,
2019-01-27 12:43:01+00:00,
2019-01-27 12:43:02+00:00,
2019-01-27 12:43:03+00:00,
2019-01-27 12:43:04+00:00,
2019-01-27 12:43:05+00:00,
2019-01-27 12:43:06+00:00,
2019-01-27 12:43:07+00:00,
2019-01-27 12:43:08+00:00,
2019-01-27 12:43:09+00:00,
2019-01-27 12:43:10+00:00,
2019-01-27 12:43:11+00:00,
2019-01-27 12:43:12+00:00,
2019-01-27 12:43:13+00:00,
2019-01-27 12:43:14+00:00,
2019-01-27 12:43:15+00:00,
2019-01-27 12:43:16+00:00,
2019-01-27 12:43:17+00:00,
2019-01-27 12:43:18+00:00,
2019-01-27 12:43:19+00:00,
2019-01-27 12:43:20+00:00,
2019-01-27 12:43:21+00:00,
2019-01-27 12:43:22+00:00,
2019-01-27 12:43:23+00:00,
2019-01-27 12:43:24+00:00,
2019-01-27 12:43:25+00:00,
2019-01-27 12:43:26+00:00,
2019-01-27 12:43:27+00:00,
2019-01-27 12:43:28+00:00,
2019-01-27 12:43:29+00:00,
2019-01-27 12:43:30+00:00,
2019-01-27 12:43:31+00:00,
2019-01-27 12:43:32+00:00,
2019-01-27 12:43:33+00:00,
2019-01-27 12:43:34+00:00,
2019-01-27 12:43:35+00:00,
2019-01-27 12:43:36+00:00,
2019-01-27 12:43:37+00:00,
2019-01-27 12:43:38+00:00,
2019-01-27 12:43:39+00:00,
2019-01-27 12:43:40+00:00,
2019-01-27 12:43:41+00:00,
2019-01-27 12:43:42+00:00,
2019-01-27 12:43:43+00:00,
2019-01-27 12:43:44+00:00,
2019-01-27 12:43:45+00:00,
2019-01-27 12:43:46+00:00,
2019-01-27 12:43:47+00:00,
2019-01-27 12:43:48+00:00,
2019-01-27 12:43:49+00:00,
2019-01-27 12:43:50+00:00,
2019-01-27 12:43:51+00:00,
2019-01-27 12:43:52+00:00,
2019-01-27 12:43:53+00:00,
2019-01-27 12:43:54+00:00,
2019-01-27 12:43:55+00:00,
2019-01-27 12:43:56+00:00,
2019-01-27 12:43:57+00:00,
2019-01-27 12:43:58+00:00,
2019-01-27 12:43:59+00:00,
2019-01-27 12:44:00+00:00,
2019-01-27 12:44:01+00:00,
2019-01-27 12:44:02+00:00,
2019-01-27 12:44:03+00:00,
2019-01-27 12:44:04+00:00,
2019-01-27 12:44:05+00:00,
2019-01-27 12:44:06+00:00,
2019-01-27 12:44:07+00:00,
2019-01-27 12:44:08+00:00,
2019-01-27 12:44:09+00:00,
2019-01-27 12:44:10+00:00,
2019-01-27 12:44:11+00:00,
2019-01-27 12:44:12+00:00,
2019-01-27 12:44:13+00:00,
2019-01-27 12:44:14+00:00,
2019-01-27 12:44:15+00:00,
2019-01-27 12:44:16+00:00,
2019-01-27 12:44:17+00:00,
2019-01-27 12:44:18+00:00,
2019-01-27 12:44:19+00:00,
2019-01-27 12:44:20+00:00,
2019-01-27 12:44:21+00:00,
2019-01-27 12:44:22+00:00,
2019-01-27 12:44:23+00:00,
2019-01-27 12:44:24+00:00,
2019-01-27 12:44:25+00:00,
2019-01-27 12:44:26+00:00,
2019-01-27 12:44:27+00:00,
2019-01-27 12:44:28+00:00,
2019-01-27 12:44:29+00:00,
2019-01-27 12:44:30+00:00,
2019-01-27 12:44:31+00:00,
2019-01-27 12:44:32+00:00,
2019-01-27 12:44:33+00:00,
2019-01-27 12:44:34+00:00,
2019-01-27 12:44:35+00:00,
2019-01-27 12:44:36+00:00,
2019-01-27 12:44:37+00:00,
2019-01-27 12:44:38+00:00,
2019-01-27 12:44:39+00:00,
2019-01-27 12:44:40+00:00,
2019-01-27 12:44:41+00:00,
2019-01-27 12:44:42+00:00,
2019-01-27 12:44:43+00:00,
2019-01-27 12:44:44+00:00,
2019-01-27 12:44:45+00:00,
2019-01-27 12:44:46+00:00,
2019-01-27 12:44:47+00:00,
2019-01-27 12:44:48+00:00,
2019-01-27 12:44:49+00:00,
2019-01-27 12:44:50+00:00,
2019-01-27 12:44:51+00:00,
2019-01-27 12:44:52+00:00,
2019-01-27 12:44:53+00:00,
2019-01-27 12:44:54+00:00,
2019-01-27 12:44:55+00:00,
2019-01-27 12:44:56+00:00,
2019-01-27 12:44:57+00:00,
2019-01-27 12:44:58+00:00,
2019-01-27 12:44:59+00:00,
2019-01-27 12:45:00+00:00,
2019-01-27 12:45:01+00:00,
2019-01-27 12:45:02+00:00,
2019-01-27 12:45:03+00:00,
2019-01-27 12:45:04+00:00,
2019-01-27 12:45:05+00:00,
2019-01-27 12:45:06+00:00,
2019-01-27 12:45:07+00:00,
2019-01-27 12:45:08+00:00,
2019-01-27 12:45:09+00:00,
2019-01-27 12:45:10+00:00,
2019-01-27 12:45:11+00:00,
2019-01-27 12:45:12+00:00,
2019-01-27 12:45:13+00:00,
2019-01-27 12:45:14+00:00,
2019-01-27 12:45:15+00:00,
2019-01-27 12:45:16+00:00,
2019-01-27 12:45:17+00:00,
2019-01-27 12:45:18+00:00,
2019-01-27 12:45:19+00:00,
2019-01-27 12:45:20+00:00,
2019-01-27 12:45:21+00:00,
2019-01-27 12:45:22+00:00,
2019-01-27 12:45:23+00:00,
2019-01-27 12:45:24+00:00,
2019-01-27 12:45:25+00:00,
2019-01-27 12:45:26+00:00,
2019-01-27 12:45:27+00:00,
2019-01-27 12:45:28+00:00,
2019-01-27 12:45:29+00:00,
2019-01-27 12:45:30+00:00,
2019-01-27 12:45:31+00:00,
2019-01-27 12:45:32+00:00,
2019-01-27 12:45:33+00:00,
2019-01-27 12:45:34+00:00,
2019-01-27 12:45:35+00:00,
2019-01-27 12:45:36+00:00,
2019-01-27 12:45:37+00:00,
2019-01-27 12:45:38+00:00,
2019-01-27 12:45:39+00:00,
2019-01-27 12:45:40+00:00,
2019-01-27 12:45:41+00:00,
2019-01-27 12:45:42+00:00,
2019-01-27 12:45:43+00:00,
2019-01-27 12:45:44+00:00,
2019-01-27 12:45:45+00:00,
2019-01-27 12:45:46+00:00,
2019-01-27 12:45:47+00:00,
2019-01-27 12:45:48+00:00,
2019-01-27 12:45:49+00:00,
2019-01-27 12:45:50+00:00,
2019-01-27 12:45:51+00:00,
2019-01-27 12:45:52+00:00,
2019-01-27 12:45:53+00:00,
2019-01-27 12:45:54+00:00,
2019-01-27 12:45:55+00:00,
2019-01-27 12:45:56+00:00,
2019-01-27 12:45:57+00:00,
2019-01-27 12:45:58+00:00,
2019-01-27 12:45:59+00:00,
2019-01-27 12:46:00+00:00,
2019-01-27 12:46:01+00:00,
2019-01-27 12:46:02+00:00,
2019-01-27 12:46:03+00:00,
2019-01-27 12:46:04+00:00,
2019-01-27 12:46:05+00:00,
2019-01-27 12:46:06+00:00,
2019-01-27 12:46:07+00:00,
2019-01-27 12:46:08+00:00,
2019-01-27 12:46:09+00:00,
2019-01-27 12:46:10+00:00,
2019-01-27 12:46:11+00:00,
2019-01-27 12:46:12+00:00,
2019-01-27 12:46:13+00:00,
2019-01-27 12:46:14+00:00,
2019-01-27 12:46:15+00:00,
2019-01-27 12:46:16+00:00,
2019-01-27 12:46:17+00:00,
2019-01-27 12:46:18+00:00,
2019-01-27 12:46:19+00:00,
2019-01-27 12:46:20+00:00,
2019-01-27 12:46:21+00:00,
2019-01-27 12:46:22+00:00,
2019-01-27 12:46:23+00:00,
2019-01-27 12:46:24+00:00,
2019-01-27 12:46:25+00:00,
2019-01-27 12:46:26+00:00,
2019-01-27 12:46:27+00:00,
2019-01-27 12:46:28+00:00,
2019-01-27 12:46:29+00:00,
2019-01-27 12:46:30+00:00,
2019-01-27 12:46:31+00:00,
2019-01-27 12:46:32+00:00,
2019-01-27 12:46:33+00:00,
2019-01-27 12:46:34+00:00,
2019-01-27 12:46:35+00:00,
2019-01-27 12:46:36+00:00,
2019-01-27 12:46:37+00:00,
2019-01-27 12:46:38+00:00,
2019-01-27 12:46:39+00:00,
2019-01-27 12:46:40+00:00,
2019-01-27 12:46:41+00:00,
2019-01-27 12:46:42+00:00,
2019-01-27 12:46:43+00:00,
2019-01-27 12:46:44+00:00,
2019-01-27 12:46:45+00:00,
2019-01-27 12:46:46+00:00,
2019-01-27 12:46:47+00:00,
2019-01-27 12:46:48+00:00,
2019-01-27 12:46:49+00:00,
2019-01-27 12:46:50+00:00,
2019-01-27 12:46:51+00:00,
2019-01-27 12:46:52+00:00,
2019-01-27 12:46:53+00:00,
2019-01-27 12:46:54+00:00,
2019-01-27 12:46:55+00:00,
2019-01-27 12:46:56+00:00,
2019-01-27 12:46:57+00:00,
2019-01-27 12:46:58+00:00,
2019-01-27 12:46:59+00:00,
2019-01-27 12:47:00+00:00,
2019-01-27 12:47:01+00:00,
2019-01-27 12:47:02+00:00,
2019-01-27 12:47:03+00:00,
2019-01-27 12:47:04+00:00,
2019-01-27 12:47:05+00:00,
2019-01-27 12:47:06+00:00,
2019-01-27 12:47:07+00:00,
2019-01-27 12:47:08+00:00,
2019-01-27 12:47:09+00:00,
2019-01-27 12:47:10+00:00,
2019-01-27 12:47:11+00:00,
2019-01-27 12:47:12+00:00,
2019-01-27 12:47:13+00:00,
2019-01-27 12:47:14+00:00,
2019-01-27 12:47:15+00:00,
2019-01-27 12:47:16+00:00,
2019-01-27 12:47:17+00:00,
2019-01-27 12:47:18+00:00,
2019-01-27 12:47:19+00:00,
2019-01-27 12:47:20+00:00,
2019-01-27 12:47:21+00:00,
2019-01-27 12:47:22+00:00,
2019-01-27 12:47:23+00:00,
2019-01-27 12:47:24+00:00,
2019-01-27 12:47:25+00:00,
2019-01-27 12:47:26+00:00,
2019-01-27 12:47:27+00:00,
2019-01-27 12:47:28+00:00,
2019-01-27 12:47:29+00:00,
2019-01-27 12:47:30+00:00,
2019-01-27 12:47:31+00:00,
2019-01-27 12:47:32+00:00,
2019-01-27 12:47:33+00:00,
2019-01-27 12:47:34+00:00,
2019-01-27 12:47:35+00:00,
2019-01-27 12:47:36+00:00,
2019-01-27 12:47:37+00:00,
2019-01-27 12:47:38+00:00,
2019-01-27 12:47:39+00:00,
2019-01-27 12:47:40+00:00,
2019-01-27 12:47:41+00:00,
2019-01-27 12:47:42+00:00,
2019-01-27 12:47:43+00:00,
2019-01-27 12:47:44+00:00,
2019-01-27 12:47:45+00:00,
2019-01-27 12:47:46+00:00,
2019-01-27 12:47:47+00:00,
2019-01-27 12:47:48+00:00,
2019-01-27 12:47:49+00:00,
2019-01-27 12:47:50+00:00,
2019-01-27 12:47:51+00:00,
2019-01-27 12:47:52+00:00,
2019-01-27 12:47:53+00:00,
2019-01-27 12:47:54+00:00,
2019-01-27 12:47:55+00:00,
2019-01-27 12:47:56+00:00,
2019-01-27 12:47:57+00:00,
2019-01-27 12:47:58+00:00,
2019-01-27 12:47:59+00:00,
2019-01-27 12:48:00+00:00,
2019-01-27 12:48:01+00:00,
2019-01-27 12:48:02+00:00,
2019-01-27 12:48:03+00:00,
2019-01-27 12:48:04+00:00,
2019-01-27 12:48:05+00:00,
2019-01-27 12:48:06+00:00,
2019-01-27 12:48:07+00:00,
2019-01-27 12:48:08+00:00,
2019-01-27 12:48:09+00:00,
2019-01-27 12:48:10+00:00,
2019-01-27 12:48:11+00:00,
2019-01-27 12:48:12+00:00,
2019-01-27 12:48:13+00:00,
2019-01-27 12:48:14+00:00,
2019-01-27 12:48:15+00:00,
2019-01-27 12:48:16+00:00,
2019-01-27 12:48:17+00:00,
2019-01-27 12:48:18+00:00,
2019-01-27 12:48:19+00:00,
2019-01-27 12:48:20+00:00,
2019-01-27 12:48:21+00:00,
2019-01-27 12:48:22+00:00,
2019-01-27 12:48:23+00:00,
2019-01-27 12:48:24+00:00,
2019-01-27 12:48:25+00:00,
2019-01-27 12:48:26+00:00,
2019-01-27 12:48:27+00:00,
2019-01-27 12:48:28+00:00,
2019-01-27 12:48:29+00:00,
2019-01-27 12:48:30+00:00,
2019-01-27 12:48:31+00:00,
2019-01-27 12:48:32+00:00,
2019-01-27 12:48:33+00:00,
2019-01-27 12:48:34+00:00,
2019-01-27 12:48:35+00:00,
2019-01-27 12:48:36+00:00,
2019-01-27 12:48:37+00:00,
2019-01-27 12:48:38+00:00,
2019-01-27 12:48:39+00:00,
2019-01-27 12:48:40+00:00,
2019-01-27 12:48:41+00:00,
2019-01-27 12:48:42+00:00,
2019-01-27 12:48:43+00:00,
2019-01-27 12:48:44+00:00,
2019-01-27 12:48:45+00:00,
2019-01-27 12:48:46+00:00,
2019-01-27 12:48:47+00:00,
2019-01-27 12:48:48+00:00,
2019-01-27 12:48:49+00:00,
2019-01-27 12:48:50+00:00,
2019-01-27 12:48:51+00:00,
2019-01-27 12:48:52+00:00,
2019-01-27 12:48:53+00:00,
2019-01-27 12:48:54+00:00,
2019-01-27 12:48:55+00:00,
2019-01-27 12:48:56+00:00,
2019-01-27 12:48:57+00:00,
2019-01-27 12:48:58+00:00,
2019-01-27 12:48:59+00:00,
2019-01-27 12:49:00+00:00,
2019-01-27 12:49:01+00:00,
2019-01-27 12:49:02+00:00,
2019-01-27 12:49:03+00:00,
2019-01-27 12:49:04+00:00,
2019-01-27 12:49:05+00:00,
2019-01-27 12:49:06+00:00,
2019-01-27 12:49:07+00:00,
2019-01-27 12:49:08+00:00,
2019-01-27 12:49:09+00:00,
2019-01-27 12:49:10+00:00,
2019-01-27 12:49:11+00:00,
2019-01-27 12:49:12+00:00,
2019-01-27 12:49:13+00:00,
2019-01-27 12:49:14+00:00,
2019-01-27 12:49:15+00:00,
2019-01-27 12:49:16+00:00,
2019-01-27 12:49:17+00:00,
2019-01-27 12:49:18+00:00,
2019-01-27 12:49:19+00:00,
2019-01-27 12:49:20+00:00,
2019-01-27 12:49:21+00:00,
2019-01-27 12:49:22+00:00,
2019-01-27 12:49:23+00:00,
2019-01-27 12:49:24+00:00,
2019-01-27 12:49:25+00:00,
2019-01-27 12:49:26+00:00,
2019-01-27 12:49:27+00:00,
2019-01-27 12:49:28+00:00,
2019-01-27 12:49:29+00:00,
2019-01-27 12:49:30+00:00,
2019-01-27 12:49:31+00:00,
2019-01-27 12:49:32+00:00,
2019-01-27 12:49:33+00:00,
2019-01-27 12:49:34+00:00,
2019-01-27 12:49:35+00:00,
2019-01-27 12:49:36+00:00,
2019-01-27 12:49:37+00:00,
2019-01-27 12:49:38+00:00,
2019-01-27 12:49:39+00:00,
2019-01-27 12:49:40+00:00,
2019-01-27 12:49:41+00:00,
2019-01-27 12:49:42+00:00,
2019-01-27 12:49:43+00:00,
2019-01-27 12:49:44+00:00,
2019-01-27 12:49:45+00:00,
2019-01-27 12:49:46+00:00,
2019-01-27 12:49:47+00:00,
2019-01-27 12:49:48+00:00,
2019-01-27 12:49:49+00:00,
2019-01-27 12:49:50+00:00,
2019-01-27 12:49:51+00:00,
2019-01-27 12:49:52+00:00,
2019-01-27 12:49:53+00:00,
2019-01-27 12:49:54+00:00,
2019-01-27 12:49:55+00:00,
2019-01-27 12:49:56+00:00,
2019-01-27 12:49:57+00:00,
2019-01-27 12:49:58+00:00,
2019-01-27 12:49:59+00:00,
2019-01-27 12:50:00+00:00,
2019-01-27 12:50:01+00:00,
2019-01-27 12:50:02+00:00,
2019-01-27 12:50:03+00:00,
2019-01-27 12:50:04+00:00,
2019-01-27 12:50:05+00:00,
2019-01-27 12:50:06+00:00,
2019-01-27 12:50:07+00:00,
2019-01-27 12:50:08+00:00,
2019-01-27 12:50:09+00:00,
2019-01-27 12:50:10+00:00,
2019-01-27 12:50:11+00:00,
2019-01-27 12:50:12+00:00,
2019-01-27 12:50:13+00:00,
2019-01-27 12:50:14+00:00,
2019-01-27 12:50:15+00:00,
2019-01-27 12:50:16+00:00,
2019-01-27 12:50:17+00:00,
2019-01-27 12:50:18+00:00,
2019-01-27 12:50:19+00:00,
2019-01-27 12:50:20+00:00,
2019-01-27 12:50:21+00:00,
2019-01-27 12:50:22+00:00,
2019-01-27 12:50:23+00:00,
2019-01-27 12:50:24+00:00,
2019-01-27 12:50:25+00:00,
2019-01-27 12:50:26+00:00,
2019-01-27 12:50:27+00:00,
2019-01-27 12:50:28+00:00,
2019-01-27 12:50:29+00:00,
2019-01-27 12:50:30+00:00,
2019-01-27 12:50:31+00:00,
2019-01-27 12:50:32+00:00,
2019-01-27 12:50:33+00:00,
2019-01-27 12:50:34+00:00,
2019-01-27 12:50:35+00:00,
2019-01-27 12:50:36+00:00,
2019-01-27 12:50:37+00:00,
2019-01-27 12:50:38+00:00,
2019-01-27 12:50:39+00:00,
2019-01-27 12:50:40+00:00,
2019-01-27 12:50:41+00:00,
2019-01-27 12:50:42+00:00,
2019-01-27 12:50:43+00:00,
2019-01-27 12:50:44+00:00,
2019-01-27 12:50:45+00:00,
2019-01-27 12:50:46+00:00,
2019-01-27 12:50:47+00:00,
2019-01-27 12:50:48+00:00,
2019-01-27 12:50:49+00:00,
2019-01-27 12:50:50+00:00,
2019-01-27 12:50:51+00:00,
2019-01-27 12:50:52+00:00,
2019-01-27 12:50:53+00:00,
2019-01-27 12:50:54+00:00,
2019-01-27 12:50:55+00:00,
2019-01-27 12:50:56+00:00,
2019-01-27 12:50:57+00:00,
2019-01-27 12:50:58+00:00,
2019-01-27 12:50:59+00:00,
2019-01-27 12:51:00+00:00,
2019-01-27 12:51:01+00:00,
2019-01-27 12:51:02+00:00,
2019-01-27 12:51:03+00:00,
2019-01-27 12:51:04+00:00,
2019-01-27 12:51:05+00:00,
2019-01-27 12:51:06+00:00,
2019-01-27 12:51:07+00:00,
2019-01-27 12:51:08+00:00,
2019-01-27 12:51:09+00:00,
2019-01-27 12:51:10+00:00,
2019-01-27 12:51:11+00:00,
2019-01-27 12:51:12+00:00,
2019-01-27 12:51:13+00:00,
2019-01-27 12:51:14+00:00,
2019-01-27 12:51:15+00:00,
2019-01-27 12:51:16+00:00,
2019-01-27 12:51:17+00:00,
2019-01-27 12:51:18+00:00,
2019-01-27 12:51:19+00:00,
2019-01-27 12:51:20+00:00,
2019-01-27 12:51:21+00:00,
2019-01-27 12:51:22+00:00,
2019-01-27 12:51:23+00:00,
2019-01-27 12:51:24+00:00,
2019-01-27 12:51:25+00:00,
2019-01-27 12:51:26+00:00,
2019-01-27 12:51:27+00:00,
2019-01-27 12:51:28+00:00,
2019-01-27 12:51:29+00:00,
2019-01-27 12:51:30+00:00,
2019-01-27 12:51:31+00:00,
2019-01-27 12:51:32+00:00,
2019-01-27 12:51:33+00:00,
2019-01-27 12:51:34+00:00,
2019-01-27 12:51:35+00:00,
2019-01-27 12:51:36+00:00,
2019-01-27 12:51:37+00:00,
2019-01-27 12:51:38+00:00,
2019-01-27 12:51:39+00:00,
2019-01-27 12:51:40+00:00,
2019-01-27 12:51:41+00:00,
2019-01-27 12:51:42+00:00,
2019-01-27 12:51:43+00:00,
2019-01-27 12:51:44+00:00,
2019-01-27 12:51:45+00:00,
2019-01-27 12:51:46+00:00,
2019-01-27 12:51:47+00:00,
2019-01-27 12:51:48+00:00,
2019-01-27 12:51:49+00:00,
2019-01-27 12:51:50+00:00,
2019-01-27 12:51:51+00:00,
2019-01-27 12:51:52+00:00,
2019-01-27 12:51:53+00:00,
2019-01-27 12:51:54+00:00,
2019-01-27 12:51:55+00:00,
2019-01-27 12:51:56+00:00,
2019-01-27 12:51:57+00:00,
2019-01-27 12:51:58+00:00,
2019-01-27 12:51:59+00:00,
2019-01-27 12:52:00+00:00,
2019-01-27 12:52:01+00:00,
2019-01-27 12:52:02+00:00,
2019-01-27 12:52:03+00:00,
2019-01-27 12:52:04+00:00,
2019-01-27 12:52:05+00:00,
2019-01-27 12:52:06+00:00,
2019-01-27 12:52:07+00:00,
2019-01-27 12:52:08+00:00,
2019-01-27 12:52:09+00:00,
2019-01-27 12:52:10+00:00,
2019-01-27 12:52:11+00:00,
2019-01-27 12:52:12+00:00,
2019-01-27 12:52:13+00:00,
2019-01-27 12:52:14+00:00,
2019-01-27 12:52:15+00:00,
2019-01-27 12:52:16+00:00,
2019-01-27 12:52:17+00:00,
2019-01-27 12:52:18+00:00,
2019-01-27 12:52:19+00:00,
2019-01-27 12:52:20+00:00,
2019-01-27 12:52:21+00:00,
2019-01-27 12:52:22+00:00,
2019-01-27 12:52:23+00:00,
2019-01-27 12:52:24+00:00,
2019-01-27 12:52:25+00:00,
2019-01-27 12:52:26+00:00,
2019-01-27 12:52:27+00:00,
2019-01-27 12:52:28+00:00,
2019-01-27 12:52:29+00:00,
2019-01-27 12:52:30+00:00,
2019-01-27 12:52:31+00:00,
2019-01-27 12:52:32+00:00,
2019-01-27 12:52:33+00:00,
2019-01-27 12:52:34+00:00,
2019-01-27 12:52:35+00:00,
2019-01-27 12:52:36+00:00,
2019-01-27 12:52:37+00:00,
2019-01-27 12:52:38+00:00,
2019-01-27 12:52:39+00:00,
2019-01-27 12:52:40+00:00,
2019-01-27 12:52:41+00:00,
2019-01-27 12:52:42+00:00,
2019-01-27 12:52:43+00:00,
2019-01-27 12:52:44+00:00,
2019-01-27 12:52:45+00:00,
2019-01-27 12:52:46+00:00,
2019-01-27 12:52:47+00:00,
2019-01-27 12:52:48+00:00,
2019-01-27 12:52:49+00:00,
2019-01-27 12:52:50+00:00,
2019-01-27 12:52:51+00:00,
2019-01-27 12:52:52+00:00,
2019-01-27 12:52:53+00:00,
2019-01-27 12:52:54+00:00,
2019-01-27 12:52:55+00:00,
2019-01-27 12:52:56+00:00,
2019-01-27 12:52:57+00:00,
2019-01-27 12:52:58+00:00,
2019-01-27 12:52:59+00:00,
2019-01-27 12:53:00+00:00,
2019-01-27 12:53:01+00:00,
2019-01-27 12:53:02+00:00,
2019-01-27 12:53:03+00:00,
2019-01-27 12:53:04+00:00,
2019-01-27 12:53:05+00:00,
2019-01-27 12:53:06+00:00,
2019-01-27 12:53:07+00:00,
2019-01-27 12:53:08+00:00,
2019-01-27 12:53:09+00:00,
2019-01-27 12:53:10+00:00,
2019-01-27 12:53:11+00:00,
2019-01-27 12:53:12+00:00,
2019-01-27 12:53:13+00:00,
2019-01-27 12:53:14+00:00,
2019-01-27 12:53:15+00:00,
2019-01-27 12:53:16+00:00,
2019-01-27 12:53:17+00:00,
2019-01-27 12:53:18+00:00,
2019-01-27 12:53:19+00:00,
2019-01-27 12:53:20+00:00,
2019-01-27 12:53:21+00:00,
2019-01-27 12:53:22+00:00,
2019-01-27 12:53:23+00:00,
2019-01-27 12:53:24+00:00,
2019-01-27 12:53:25+00:00,
2019-01-27 12:53:26+00:00,
2019-01-27 12:53:27+00:00,
2019-01-27 12:53:28+00:00,
2019-01-27 12:53:29+00:00,
2019-01-27 12:53:30+00:00,
2019-01-27 12:53:31+00:00,
2019-01-27 12:53:32+00:00,
2019-01-27 12:53:33+00:00,
2019-01-27 12:53:34+00:00,
2019-01-27 12:53:35+00:00,
2019-01-27 12:53:36+00:00,
2019-01-27 12:53:37+00:00,
2019-01-27 12:53:38+00:00,
2019-01-27 12:53:39+00:00,
2019-01-27 12:53:40+00:00,
2019-01-27 12:53:41+00:00,
2019-01-27 12:53:42+00:00,
2019-01-27 12:53:43+00:00,0.0
2019-01-27 12:53:44+00:00,-18.68532338408339
2019-01-27 12:53:45+00:00,-37.37064676816678
2019-01-27 12:53:46+00:00,-56.05597015225017
2019-01-27 12:53:47+00:00,-74.74129353633356
2019-01-27 12:53:48+00:00,-93.13586458852745
2019-01-27 12:53:49+00:00,-111.23968330883186
2019-01-27 12:53:50+00:00,-129.34350202913626
2019-01-27 12:53:51+00:00,-147.44732074944068
2019-01-27 12:53:52+00:00,-162.63727107630004
2019-01-27 12:53:53+00:00,-174.91335300971434
2019-01-27 12:53:54+00:00,-187.18943494312865
2019-01-27 12:53:55+00:00,-199.46551687654295
2019-01-27 12:53:56+00:00,-211.74159880995725
2019-01-27 12:53:57+00:00,-226.79718998597644
2019-01-27 12:53:58+00:00,-244.63229040460052
2019-01-27 12:53:59+00:00,-262.4673908232246
2019-01-27 12:54:00+00:00,-280.30249124184866
2019-01-27 12:54:01+00:00,-300.8224648666336
2019-01-27 12:54:02+00:00,-324.0273116975794
2019-01-27 12:54:03+00:00,-347.23215852852525
2019-01-27 12:54:04+00:00,-370.4370053594711
2019-01-27 12:54:05+00:00,-393.6418521904169
2019-01-27 12:54:06+00:00,-414.90611559367187
2019-01-27 12:54:07+00:00,-434.22979556923593
2019-01-27 12:54:08+00:00,-453.5534755448
2019-01-27 12:54:09+00:00,-472.87715552036406
2019-01-27 12:54:10+00:00,-486.21197009016623
2019-01-27 12:54:11+00:00,-493.55791925420647
2019-01-27 12:54:12+00:00,-500.9038684182467
2019-01-27 12:54:13+00:00,-508.24981758228694
2019-01-27 12:54:14+00:00,-515.5957667463272
2019-01-27 12:54:15+00:00,-518.1289611973938
2019-01-27 12:54:16+00:00,-515.8494009354868
2019-01-27 12:54:17+00:00,-513.5698406735797
2019-01-27 12:54:18+00:00,-511.29028041167265
2019-01-27 12:54:19+00:00,-510.5198854615833
2019-01-27 12:54:20+00:00,-511.25865582331176
2019-01-27 12:54:21+00:00,-511.9974261850402
2019-01-27 12:54:22+00:00,-512.7361965467686
2019-01-27 12:54:23+00:00,-513.4749669084971
2019-01-27 12:54:24+00:00,-525.33869516366
2019-01-27 12:54:25+00:00,-548.3273813122572
2019-01-27 12:54:26+00:00,-571.3160674608545
2019-01-27 12:54:27+00:00,-594.3047536094517
2019-01-27 12:54:28+00:00,-618.3833500275763
2019-01-27 12:54:29+00:00,-643.551856715228
2019-01-27 12:54:30+00:00,-668.7203634028799
2019-01-27 12:54:31+00:00,-693.8888700905318
2019-01-27 12:54:32+00:00,-719.0573767781837
2019-01-27 12:54:33+00:00,-742.594216354452
2019-01-27 12:54:34+00:00,-764.4993888193368
2019-01-27 12:54:35+00:00,-786.4045612842216
2019-01-27 12:54:36+00:00,-808.3097337491064
2019-01-27 12:54:37+00:00,
2019-01-27 12:54:38+00:00,
2019-01-27 12:54:39+00:00,
2019-01-27 12:54:40+00:00,
2019-01-27 12:54:41+00:00,
2019-01-27 12:54:42+00:00,
2019-01-27 12:54:43+00:00,
2019-01-27 12:54:44+00:00,
2019-01-27 12:54:45+00:00,
2019-01-27 12:54:46+00:00,
2019-01-27 12:54:47+00:00,
2019-01-27 12:54:48+00:00,
2019-01-27 12:54:49+00:00,
2019-01-27 12:54:50+00:00,
2019-01-27 12:54:51+00:00,
2019-01-27 12:54:52+00:00,
2019-01-27 12:54:53+00:00,
2019-01-27 12:54:54+00:00,
2019-01-27 12:54:55+00:00,
2019-01-27 12:54:56+00:00,
